-- MySQL dump 10.13  Distrib 9.5.0, for macos15.7 (arm64)
--
-- Host: localhost    Database: hospitaldb
-- ------------------------------------------------------
-- Server version	9.5.0

/*!40101 SET @OLD_CHARACTER_SET_CLIENT=@@CHARACTER_SET_CLIENT */;
/*!40101 SET @OLD_CHARACTER_SET_RESULTS=@@CHARACTER_SET_RESULTS */;
/*!40101 SET @OLD_COLLATION_CONNECTION=@@COLLATION_CONNECTION */;
/*!50503 SET NAMES utf8mb4 */;
/*!40103 SET @OLD_TIME_ZONE=@@TIME_ZONE */;
/*!40103 SET TIME_ZONE='+00:00' */;
/*!40014 SET @OLD_UNIQUE_CHECKS=@@UNIQUE_CHECKS, UNIQUE_CHECKS=0 */;
/*!40014 SET @OLD_FOREIGN_KEY_CHECKS=@@FOREIGN_KEY_CHECKS, FOREIGN_KEY_CHECKS=0 */;
/*!40101 SET @OLD_SQL_MODE=@@SQL_MODE, SQL_MODE='NO_AUTO_VALUE_ON_ZERO' */;
/*!40111 SET @OLD_SQL_NOTES=@@SQL_NOTES, SQL_NOTES=0 */;
SET @MYSQLDUMP_TEMP_LOG_BIN = @@SESSION.SQL_LOG_BIN;
SET @@SESSION.SQL_LOG_BIN= 0;

--
-- GTID state at the beginning of the backup 
--

SET @@GLOBAL.GTID_PURGED=/*!80000 '+'*/ '489cb2d6-cc5f-11f0-bc47-88719dc1f070:1-561';

--
-- Table structure for table `Appointment`
--

DROP TABLE IF EXISTS `Appointment`;
/*!40101 SET @saved_cs_client     = @@character_set_client */;
/*!50503 SET character_set_client = utf8mb4 */;
CREATE TABLE `Appointment` (
  `appointment_id` int NOT NULL AUTO_INCREMENT,
  `patient_id` int NOT NULL,
  `doctor_id` int NOT NULL,
  `hospital_id` int NOT NULL,
  `appointment_start` datetime NOT NULL,
  `duration_minutes` int NOT NULL,
  `reason` varchar(255) DEFAULT NULL,
  `status` varchar(50) DEFAULT NULL,
  PRIMARY KEY (`appointment_id`),
  KEY `patient_id` (`patient_id`),
  KEY `doctor_id` (`doctor_id`),
  KEY `hospital_id` (`hospital_id`),
  CONSTRAINT `appointment_ibfk_1` FOREIGN KEY (`patient_id`) REFERENCES `Patient` (`patient_id`) ON DELETE CASCADE ON UPDATE CASCADE,
  CONSTRAINT `appointment_ibfk_2` FOREIGN KEY (`doctor_id`) REFERENCES `Doctor` (`doctor_id`) ON DELETE CASCADE ON UPDATE CASCADE,
  CONSTRAINT `appointment_ibfk_3` FOREIGN KEY (`hospital_id`) REFERENCES `Hospital` (`hospital_id`) ON DELETE CASCADE ON UPDATE CASCADE
) ENGINE=InnoDB AUTO_INCREMENT=999 DEFAULT CHARSET=utf8mb4 COLLATE=utf8mb4_0900_ai_ci;
/*!40101 SET character_set_client = @saved_cs_client */;

--
-- Dumping data for table `Appointment`
--

LOCK TABLES `Appointment` WRITE;
/*!40000 ALTER TABLE `Appointment` DISABLE KEYS */;
INSERT INTO `Appointment` VALUES (1,121,21,13,'2025-09-04 17:46:48',40,'Annual review','No-show'),(2,507,85,36,'2025-09-25 00:18:27',15,'Medication review','Completed'),(3,273,46,9,'2025-10-27 22:00:00',30,'Annual review','Completed'),(4,442,74,19,'2025-10-12 02:51:12',40,'Medication review','Cancelled'),(5,194,33,29,'2025-11-22 05:33:49',15,'Annual review','Completed'),(6,30,5,24,'2025-10-28 08:23:49',20,'Medication review','No-show'),(7,255,43,32,'2025-11-12 18:38:12',40,'Annual review','Scheduled'),(8,11,2,18,'2025-12-02 01:08:48',15,'New symptoms','No-show'),(9,218,37,35,'2025-11-15 11:13:06',30,'Test results discussion','Cancelled'),(10,75,13,33,'2025-09-20 12:02:03',40,'Follow-up','Scheduled'),(11,341,57,35,'2025-10-17 14:26:25',30,'New symptoms','Scheduled'),(12,6,1,33,'2025-10-21 06:07:36',40,'Test results discussion','No-show'),(13,310,52,17,'2025-11-17 15:25:13',20,'Medication review','Scheduled'),(14,595,100,8,'2025-10-06 19:56:06',20,'Medication review','No-show'),(15,348,58,22,'2025-12-01 21:26:00',15,'Follow-up','Cancelled'),(16,544,91,20,'2025-11-25 01:35:54',15,'New symptoms','Scheduled'),(17,321,54,37,'2025-09-10 13:48:38',15,'Annual review','Cancelled'),(18,370,62,16,'2025-11-24 12:20:46',20,'New symptoms','Cancelled'),(19,530,89,10,'2025-11-01 18:44:01',30,'Medication review','Cancelled'),(20,504,84,14,'2025-10-01 08:56:41',40,'Annual review','Scheduled'),(21,194,33,29,'2025-09-30 20:37:23',10,'Medication review','Completed'),(22,37,7,7,'2025-12-02 07:30:44',20,'Medication review','No-show'),(23,447,75,35,'2025-09-24 12:42:40',30,'Follow-up','No-show'),(25,116,20,27,'2025-09-30 17:58:49',10,'New symptoms','Scheduled'),(26,209,35,18,'2025-10-27 04:04:43',15,'Medication review','Cancelled'),(27,577,97,27,'2025-12-24 17:27:16',15,'Test results discussion','Scheduled'),(28,539,90,39,'2025-12-21 20:03:50',15,'Annual review','Scheduled'),(29,253,43,32,'2025-12-07 17:21:52',10,'New symptoms','Scheduled'),(30,292,49,4,'2025-09-25 16:31:08',30,'New symptoms','Scheduled'),(31,332,56,20,'2025-10-01 20:38:44',10,'Follow-up','No-show'),(32,492,82,29,'2025-11-29 04:03:07',20,'Test results discussion','Scheduled'),(33,338,57,35,'2025-09-10 12:20:30',40,'Annual review','Cancelled'),(34,583,98,27,'2025-09-27 02:40:32',15,'Follow-up','Cancelled'),(35,331,56,20,'2025-09-12 18:48:43',10,'Test results discussion','No-show'),(36,95,16,33,'2025-11-18 10:48:55',20,'Medication review','Completed'),(37,409,69,34,'2025-09-19 07:38:51',10,'Medication review','Completed'),(38,398,67,32,'2025-11-19 03:18:08',20,'Medication review','Scheduled'),(39,306,51,9,'2025-12-06 07:30:14',30,'New symptoms','Completed'),(40,368,62,16,'2025-09-20 15:54:43',20,'Test results discussion','Completed'),(41,502,84,14,'2025-11-27 11:54:43',30,'Annual review','Cancelled'),(42,577,97,27,'2025-12-27 13:47:26',30,'Follow-up','No-show'),(43,378,63,22,'2025-12-30 04:49:52',15,'Annual review','No-show'),(44,96,16,33,'2025-09-09 20:27:18',40,'New symptoms','No-show'),(45,230,39,35,'2025-10-02 02:40:37',30,'Test results discussion','Scheduled'),(46,298,50,2,'2025-12-01 22:03:34',30,'Follow-up','No-show'),(47,308,52,17,'2025-09-30 20:33:23',15,'New symptoms','Completed'),(48,536,90,39,'2025-11-24 01:22:28',20,'Test results discussion','Scheduled'),(49,565,95,12,'2025-09-16 20:40:02',10,'Test results discussion','Scheduled'),(51,583,98,27,'2025-10-21 04:50:16',20,'New symptoms','Scheduled'),(52,516,86,39,'2025-09-05 03:49:03',10,'Annual review','Completed'),(53,187,32,9,'2025-11-17 07:18:50',10,'Follow-up','No-show'),(54,305,51,9,'2025-11-01 23:05:45',40,'Annual review','No-show'),(55,272,46,9,'2025-11-07 06:44:00',15,'Medication review','Completed'),(56,81,14,17,'2025-12-28 07:05:25',20,'Follow-up','No-show'),(57,548,92,29,'2025-09-05 11:29:27',10,'Annual review','Scheduled'),(58,14,3,11,'2025-10-05 08:20:41',30,'Annual review','No-show'),(59,499,84,14,'2025-10-30 19:09:00',40,'Test results discussion','Cancelled'),(60,405,68,16,'2025-10-30 18:28:56',10,'Medication review','Completed'),(61,15,3,11,'2025-10-09 01:12:07',10,'Follow-up','Completed'),(62,28,5,24,'2025-10-12 15:04:48',30,'Medication review','Completed'),(63,447,75,35,'2025-12-15 13:58:35',15,'Follow-up','Cancelled'),(64,475,80,20,'2025-09-30 18:30:07',30,'Annual review','Scheduled'),(65,120,20,27,'2025-10-04 06:06:27',15,'Annual review','No-show'),(66,483,81,39,'2025-09-05 19:28:19',30,'Test results discussion','Completed'),(67,207,35,18,'2025-10-29 06:00:50',40,'Annual review','Scheduled'),(68,342,57,35,'2025-09-03 12:41:48',10,'Annual review','No-show'),(69,508,85,36,'2025-12-23 08:45:25',40,'Test results discussion','Cancelled'),(70,38,7,7,'2025-12-05 15:53:54',30,'Annual review','No-show'),(72,591,99,36,'2025-11-02 07:58:06',40,'Follow-up','Cancelled'),(73,428,72,12,'2025-12-02 21:54:53',10,'Annual review','Cancelled'),(74,460,77,19,'2025-11-25 16:58:45',10,'Medication review','Cancelled'),(75,197,33,29,'2025-12-02 02:49:08',20,'Annual review','Completed'),(76,520,87,19,'2025-10-14 15:53:13',40,'New symptoms','No-show'),(77,135,23,19,'2025-10-28 23:18:55',30,'Annual review','Cancelled'),(78,484,81,39,'2025-10-03 11:05:41',40,'Medication review','Cancelled'),(79,89,15,28,'2025-12-04 18:25:45',15,'Medication review','Completed'),(80,161,27,15,'2025-12-28 14:59:41',30,'Follow-up','No-show'),(81,506,85,36,'2025-10-30 23:07:13',15,'Medication review','Scheduled'),(82,19,4,1,'2025-11-10 16:04:02',20,'New symptoms','Completed'),(83,179,30,1,'2025-12-08 18:22:54',10,'Follow-up','Cancelled'),(84,441,74,19,'2025-09-24 03:08:07',40,'Medication review','Scheduled'),(88,469,79,37,'2025-09-23 12:58:30',10,'Test results discussion','Scheduled'),(90,121,21,13,'2025-10-11 21:10:09',20,'Medication review','Cancelled'),(91,453,76,9,'2025-12-09 05:38:56',30,'Follow-up','Completed'),(92,373,63,22,'2025-11-05 23:23:02',15,'Follow-up','Completed'),(93,450,75,35,'2025-11-21 17:32:04',10,'Medication review','No-show'),(94,350,59,30,'2025-10-27 16:23:25',40,'Medication review','Scheduled'),(95,273,46,9,'2025-11-13 07:40:45',30,'New symptoms','Completed'),(96,156,26,40,'2025-12-13 20:20:57',30,'Medication review','Completed'),(97,440,74,19,'2025-11-21 06:37:39',30,'Annual review','Cancelled'),(98,31,6,20,'2025-11-26 22:33:58',15,'Follow-up','Scheduled'),(99,87,15,28,'2025-11-06 16:36:33',20,'Annual review','Completed'),(100,445,75,35,'2025-09-13 22:27:47',30,'Follow-up','Completed'),(101,589,99,36,'2025-09-13 05:24:47',40,'New symptoms','No-show'),(102,412,69,34,'2025-12-18 12:00:41',20,'New symptoms','Cancelled'),(103,9,2,18,'2025-10-26 07:52:21',40,'Test results discussion','Completed'),(104,414,69,34,'2025-11-27 15:23:30',15,'Test results discussion','No-show'),(105,354,59,30,'2025-11-19 13:07:59',15,'New symptoms','Scheduled'),(106,38,7,7,'2025-12-15 08:37:17',20,'Annual review','Completed'),(107,533,89,10,'2025-12-16 00:15:54',20,'Medication review','Scheduled'),(109,164,28,40,'2025-09-06 13:09:11',10,'Test results discussion','Cancelled'),(110,248,42,35,'2025-10-31 00:28:22',30,'Test results discussion','Scheduled'),(111,62,11,23,'2025-11-13 10:12:27',20,'Test results discussion','Cancelled'),(112,127,22,40,'2025-09-11 06:27:04',10,'Annual review','Cancelled'),(113,587,98,27,'2025-09-03 00:17:46',30,'New symptoms','Completed'),(114,596,100,8,'2025-12-20 19:52:26',40,'Test results discussion','Completed'),(115,359,60,18,'2025-10-30 02:22:50',20,'Test results discussion','Completed'),(116,387,65,36,'2025-12-11 21:49:19',15,'Follow-up','Cancelled'),(117,529,89,10,'2025-12-24 02:02:11',15,'New symptoms','No-show'),(118,101,17,28,'2025-09-30 10:59:15',30,'Annual review','Scheduled'),(119,95,16,33,'2025-09-14 01:50:36',30,'Medication review','No-show'),(120,220,37,35,'2025-11-27 15:16:31',10,'New symptoms','No-show'),(123,148,25,31,'2025-12-09 05:07:59',15,'Annual review','No-show'),(124,133,23,19,'2025-12-10 15:37:03',40,'Follow-up','Completed'),(125,467,78,17,'2025-12-02 21:59:48',10,'Medication review','Cancelled'),(126,122,21,13,'2025-12-27 19:39:36',30,'Follow-up','Scheduled'),(127,379,64,23,'2025-12-22 00:37:00',20,'Follow-up','Completed'),(128,121,21,13,'2025-11-13 03:09:48',20,'New symptoms','Cancelled'),(129,302,51,9,'2025-12-05 08:34:37',10,'Medication review','Completed'),(130,432,72,12,'2025-09-11 10:43:49',20,'New symptoms','Completed'),(131,188,32,9,'2025-12-05 21:56:36',10,'Follow-up','Cancelled'),(132,70,12,26,'2025-09-10 16:14:07',30,'Annual review','Cancelled'),(133,580,97,27,'2025-11-28 20:13:03',20,'Annual review','No-show'),(134,136,23,19,'2025-09-28 21:33:38',40,'Annual review','No-show'),(135,460,77,19,'2025-09-30 22:18:33',20,'Follow-up','No-show'),(136,397,67,32,'2025-10-17 05:01:49',30,'New symptoms','Scheduled'),(137,454,76,9,'2025-10-25 20:39:41',10,'Medication review','Scheduled'),(138,586,98,27,'2025-10-31 23:20:10',40,'Follow-up','Scheduled'),(139,198,33,29,'2025-12-16 05:07:51',40,'Follow-up','Completed'),(140,488,82,29,'2025-12-08 14:27:59',10,'Follow-up','Completed'),(141,20,4,1,'2025-10-25 09:25:05',15,'Medication review','No-show'),(142,87,15,28,'2025-12-14 14:29:40',40,'New symptoms','No-show'),(143,47,8,16,'2025-12-06 10:25:49',10,'New symptoms','No-show'),(144,185,31,34,'2025-11-21 13:44:38',10,'Test results discussion','Cancelled'),(145,392,66,27,'2025-10-21 22:32:07',10,'Follow-up','Scheduled'),(146,555,93,39,'2025-10-04 15:39:49',20,'Medication review','Completed'),(147,262,44,11,'2025-09-19 09:41:57',15,'New symptoms','No-show'),(148,174,29,25,'2025-09-13 10:33:28',40,'New symptoms','Completed'),(149,28,5,24,'2025-09-13 08:38:17',20,'Annual review','Scheduled'),(151,385,65,36,'2025-09-25 11:44:37',10,'Medication review','Completed'),(152,243,41,1,'2025-12-06 17:27:02',40,'Test results discussion','No-show'),(153,118,20,27,'2025-10-24 06:58:15',10,'New symptoms','No-show'),(154,567,95,12,'2025-11-20 01:06:49',10,'Annual review','Scheduled'),(155,418,70,30,'2025-10-17 09:18:34',10,'New symptoms','Scheduled'),(156,253,43,32,'2025-12-18 17:07:26',15,'New symptoms','No-show'),(157,457,77,19,'2025-09-18 07:02:28',40,'Medication review','Completed'),(158,383,64,23,'2025-12-15 22:37:54',15,'Medication review','No-show'),(159,569,95,12,'2025-11-28 17:16:13',10,'Follow-up','No-show'),(160,297,50,2,'2025-10-04 12:03:18',10,'Follow-up','No-show'),(161,280,47,14,'2025-12-27 02:15:56',20,'Annual review','Cancelled'),(162,218,37,35,'2025-12-24 15:02:21',40,'New symptoms','Scheduled'),(163,166,28,40,'2025-12-14 17:02:11',40,'Follow-up','Cancelled'),(164,92,16,33,'2025-11-17 18:15:15',10,'Medication review','Cancelled'),(165,443,74,19,'2025-10-12 22:37:58',40,'Test results discussion','Cancelled'),(166,351,59,30,'2025-10-22 18:01:42',30,'New symptoms','Completed'),(168,17,3,11,'2025-09-27 23:12:25',10,'Test results discussion','No-show'),(169,5,1,33,'2025-09-03 20:38:22',15,'Annual review','No-show'),(170,403,68,16,'2025-12-15 11:52:27',10,'Follow-up','Scheduled'),(171,456,76,9,'2025-09-25 23:09:30',20,'Annual review','Cancelled'),(172,397,67,32,'2025-10-06 09:44:58',10,'Follow-up','No-show'),(173,380,64,23,'2025-10-09 11:24:09',30,'Follow-up','Completed'),(174,21,4,1,'2025-10-26 14:10:53',20,'Medication review','Scheduled'),(175,311,52,17,'2025-10-14 22:37:22',15,'Annual review','Cancelled'),(176,38,7,7,'2025-10-26 12:25:10',30,'Test results discussion','Completed'),(177,8,2,18,'2025-10-10 01:49:50',30,'Follow-up','Cancelled'),(178,583,98,27,'2025-12-08 03:41:11',30,'Medication review','Completed'),(179,580,97,27,'2025-12-28 02:03:20',40,'Medication review','Scheduled'),(180,132,22,40,'2025-09-14 15:09:06',15,'New symptoms','Completed'),(181,536,90,39,'2025-10-25 06:27:39',15,'Follow-up','Cancelled'),(183,331,56,20,'2025-11-24 23:49:14',30,'New symptoms','Scheduled'),(184,531,89,10,'2025-12-01 14:27:06',30,'New symptoms','Scheduled'),(185,230,39,35,'2025-09-11 02:52:16',20,'Annual review','No-show'),(186,324,54,37,'2025-09-03 00:02:38',30,'Medication review','Cancelled'),(187,84,14,17,'2025-12-22 00:52:21',10,'Medication review','No-show'),(188,77,13,33,'2025-10-20 13:00:38',15,'Medication review','Cancelled'),(189,319,54,37,'2025-09-14 04:52:29',10,'Follow-up','No-show'),(190,443,74,19,'2025-09-06 15:57:27',40,'New symptoms','Cancelled'),(191,254,43,32,'2025-09-22 22:34:25',30,'Medication review','Cancelled'),(192,56,10,7,'2025-11-05 18:38:05',40,'Medication review','Scheduled'),(193,450,75,35,'2025-09-20 13:51:28',30,'Test results discussion','Scheduled'),(194,88,15,28,'2025-09-13 18:49:17',10,'Annual review','Cancelled'),(195,67,12,26,'2025-09-26 18:21:35',10,'Annual review','Scheduled'),(196,309,52,17,'2025-12-29 14:14:54',30,'Follow-up','Scheduled'),(197,58,10,7,'2025-12-19 14:19:53',10,'New symptoms','No-show'),(198,412,69,34,'2025-09-20 14:36:04',40,'Annual review','Completed'),(199,11,2,18,'2025-11-29 01:02:58',30,'Annual review','No-show'),(200,104,18,13,'2025-11-06 22:43:38',10,'Annual review','Cancelled'),(201,198,33,29,'2025-09-22 23:20:49',10,'Follow-up','Scheduled'),(202,199,34,11,'2025-12-22 07:21:43',15,'Test results discussion','Cancelled'),(204,191,32,9,'2025-10-19 05:10:21',15,'Follow-up','Scheduled'),(205,131,22,40,'2025-11-01 12:28:22',40,'Annual review','Cancelled'),(206,319,54,37,'2025-12-24 08:04:49',40,'Medication review','Completed'),(207,481,81,39,'2025-10-31 22:31:37',40,'New symptoms','Cancelled'),(208,378,63,22,'2025-09-03 13:39:50',40,'Test results discussion','Completed'),(209,59,10,7,'2025-10-18 02:18:18',40,'Test results discussion','Scheduled'),(211,71,12,26,'2025-11-07 07:44:50',15,'Annual review','No-show'),(212,340,57,35,'2025-12-23 07:35:22',40,'New symptoms','Cancelled'),(213,429,72,12,'2025-11-04 19:28:32',15,'Follow-up','No-show'),(214,44,8,16,'2025-12-07 07:12:16',15,'Follow-up','Completed'),(216,493,83,4,'2025-11-05 08:58:20',30,'Medication review','No-show'),(217,189,32,9,'2025-09-03 07:20:33',20,'Follow-up','Scheduled'),(218,367,62,16,'2025-09-07 19:53:31',40,'Follow-up','Completed'),(219,298,50,2,'2025-11-26 12:27:02',15,'Test results discussion','Cancelled'),(220,45,8,16,'2025-09-07 18:20:41',15,'Medication review','Cancelled'),(221,179,30,1,'2025-10-14 12:21:28',20,'Medication review','Cancelled'),(222,568,95,12,'2025-10-19 18:16:35',15,'Medication review','Scheduled'),(223,181,31,34,'2025-10-22 20:01:23',10,'Follow-up','Completed'),(224,389,65,36,'2025-09-23 13:09:11',20,'Medication review','Cancelled'),(225,468,78,17,'2025-10-18 15:10:47',20,'New symptoms','Completed'),(226,540,90,39,'2025-11-25 05:16:21',10,'Follow-up','Completed'),(227,134,23,19,'2025-10-08 19:47:30',15,'Test results discussion','No-show'),(228,384,64,23,'2025-11-02 17:45:42',40,'Annual review','Completed'),(229,48,8,16,'2025-12-30 14:53:54',40,'Medication review','Cancelled'),(230,153,26,40,'2025-11-04 15:06:08',15,'Follow-up','Cancelled'),(231,130,22,40,'2025-12-09 16:42:26',40,'Annual review','Completed'),(232,84,14,17,'2025-12-02 09:28:06',40,'Follow-up','Completed'),(233,521,87,19,'2025-11-16 08:45:03',40,'New symptoms','No-show'),(234,532,89,10,'2025-12-01 03:38:32',15,'New symptoms','Cancelled'),(235,539,90,39,'2025-12-04 20:19:39',30,'Annual review','Cancelled'),(236,596,100,8,'2025-11-18 20:32:38',40,'Follow-up','Completed'),(237,225,38,10,'2025-10-11 10:03:03',30,'Medication review','No-show'),(238,224,38,10,'2025-10-31 10:03:31',30,'Annual review','Completed'),(239,384,64,23,'2025-10-21 10:11:32',40,'Follow-up','Completed'),(240,87,15,28,'2025-10-29 07:01:24',30,'Test results discussion','Cancelled'),(243,377,63,22,'2025-12-07 14:43:07',20,'New symptoms','No-show'),(244,26,5,24,'2025-10-06 20:50:13',30,'Medication review','Cancelled'),(245,78,13,33,'2025-11-10 17:29:39',10,'New symptoms','Scheduled'),(246,284,48,27,'2025-10-16 05:21:09',10,'Follow-up','Scheduled'),(247,369,62,16,'2025-09-09 10:24:15',40,'Medication review','Cancelled'),(248,202,34,11,'2025-11-04 22:22:32',20,'New symptoms','Cancelled'),(249,196,33,29,'2025-12-28 07:00:09',15,'Test results discussion','Cancelled'),(250,9,2,18,'2025-10-30 03:39:02',20,'New symptoms','No-show'),(251,416,70,30,'2025-12-23 14:46:49',10,'Annual review','Completed'),(252,408,68,16,'2025-10-16 04:35:33',15,'Medication review','No-show'),(254,473,79,37,'2025-11-07 03:35:19',10,'New symptoms','Completed'),(255,440,74,19,'2025-11-22 02:33:59',15,'Annual review','No-show'),(257,313,53,8,'2025-09-03 21:07:02',30,'New symptoms','Cancelled'),(258,231,39,35,'2025-11-22 09:22:05',30,'Annual review','Cancelled'),(259,334,56,20,'2025-12-24 23:24:32',10,'Test results discussion','Scheduled'),(260,143,24,21,'2025-10-01 20:15:11',20,'Test results discussion','No-show'),(261,391,66,27,'2025-10-11 15:39:44',30,'Follow-up','No-show'),(262,193,33,29,'2025-12-03 04:37:27',10,'New symptoms','No-show'),(263,312,52,17,'2025-09-20 02:32:12',15,'Follow-up','Completed'),(264,33,6,20,'2025-12-28 03:52:46',30,'Follow-up','Completed'),(265,204,34,11,'2025-09-15 11:51:06',30,'New symptoms','Completed'),(267,59,10,7,'2025-11-12 14:02:38',40,'Follow-up','Completed'),(268,335,56,20,'2025-11-20 18:45:07',30,'Medication review','Scheduled'),(269,133,23,19,'2025-12-15 04:03:08',30,'Annual review','Scheduled'),(270,399,67,32,'2025-10-12 02:15:54',15,'Medication review','Cancelled'),(271,443,74,19,'2025-12-03 04:38:07',15,'Test results discussion','Cancelled'),(272,208,35,18,'2025-12-08 13:42:11',30,'New symptoms','Completed'),(273,8,2,18,'2025-09-29 16:59:34',30,'Follow-up','No-show'),(274,253,43,32,'2025-12-13 02:40:08',20,'Test results discussion','No-show'),(275,472,79,37,'2025-11-30 20:19:01',40,'Follow-up','Scheduled'),(276,295,50,2,'2025-11-29 14:32:34',20,'New symptoms','No-show'),(277,180,30,1,'2025-11-21 14:17:09',15,'Medication review','No-show'),(278,469,79,37,'2025-11-15 16:40:07',15,'Test results discussion','Scheduled'),(279,403,68,16,'2025-09-10 11:29:28',15,'Medication review','Cancelled'),(280,551,92,29,'2025-10-28 16:18:14',10,'Medication review','No-show'),(281,422,71,13,'2025-12-18 08:20:45',10,'New symptoms','Scheduled'),(282,108,18,13,'2025-12-08 22:39:01',20,'Annual review','No-show'),(283,169,29,25,'2025-10-21 01:58:40',15,'Test results discussion','Scheduled'),(284,474,79,37,'2025-09-07 04:30:51',10,'Annual review','No-show'),(285,352,59,30,'2025-11-18 13:04:04',15,'Annual review','Scheduled'),(286,11,2,18,'2025-10-20 15:54:26',10,'Medication review','Cancelled'),(287,476,80,20,'2025-12-05 03:08:30',30,'Follow-up','Scheduled'),(289,286,48,27,'2025-10-03 08:01:21',15,'Follow-up','Scheduled'),(290,182,31,34,'2025-10-29 02:48:48',10,'Test results discussion','No-show'),(291,173,29,25,'2025-09-17 01:34:25',10,'New symptoms','Completed'),(292,452,76,9,'2025-11-10 12:48:22',15,'Medication review','Scheduled'),(293,546,91,20,'2025-10-13 23:24:32',30,'Follow-up','Scheduled'),(294,400,67,32,'2025-10-31 20:53:42',30,'Follow-up','Scheduled'),(295,50,9,22,'2025-11-14 06:47:26',15,'Medication review','Cancelled'),(296,245,41,1,'2025-10-10 20:00:03',10,'Follow-up','No-show'),(297,29,5,24,'2025-09-04 19:51:15',20,'Medication review','Scheduled'),(298,226,38,10,'2025-09-20 18:12:12',15,'Medication review','Scheduled'),(299,426,71,13,'2025-12-10 12:25:24',10,'New symptoms','Cancelled'),(301,439,74,19,'2025-09-25 10:59:14',15,'Medication review','Scheduled'),(303,324,54,37,'2025-09-04 07:50:14',30,'Medication review','No-show'),(304,226,38,10,'2025-09-14 19:39:29',20,'Test results discussion','Cancelled'),(305,45,8,16,'2025-09-15 01:47:11',15,'Annual review','Cancelled'),(306,512,86,39,'2025-09-21 18:29:08',40,'Test results discussion','Completed'),(307,258,43,32,'2025-09-20 09:32:30',40,'New symptoms','No-show'),(308,137,23,19,'2025-11-05 11:26:56',15,'New symptoms','No-show'),(309,70,12,26,'2025-11-06 01:42:12',10,'Test results discussion','No-show'),(310,392,66,27,'2025-12-10 05:33:15',15,'Test results discussion','Scheduled'),(312,243,41,1,'2025-11-24 04:56:41',15,'Test results discussion','Scheduled'),(313,62,11,23,'2025-09-28 17:03:18',20,'Annual review','Cancelled'),(314,207,35,18,'2025-10-01 10:50:10',30,'Medication review','Scheduled'),(315,244,41,1,'2025-12-27 03:13:56',30,'New symptoms','Completed'),(316,285,48,27,'2025-11-02 15:50:14',10,'Test results discussion','No-show'),(317,296,50,2,'2025-09-06 14:25:08',15,'New symptoms','Cancelled'),(318,249,42,35,'2025-10-11 23:10:43',40,'Follow-up','Completed'),(319,228,38,10,'2025-12-29 01:46:47',30,'Test results discussion','Cancelled'),(320,188,32,9,'2025-11-26 21:33:04',10,'Follow-up','No-show'),(321,72,12,26,'2025-10-09 08:57:14',10,'Medication review','Completed'),(322,129,22,40,'2025-09-19 19:37:47',15,'Test results discussion','Completed'),(323,242,41,1,'2025-12-09 12:46:11',10,'Annual review','No-show'),(324,319,54,37,'2025-10-03 21:02:07',15,'Medication review','No-show'),(325,181,31,34,'2025-12-28 15:28:17',15,'New symptoms','Cancelled'),(326,591,99,36,'2025-11-28 01:05:42',15,'New symptoms','No-show'),(327,82,14,17,'2025-11-10 19:46:23',30,'Annual review','Completed'),(328,483,81,39,'2025-11-26 16:57:41',30,'Test results discussion','No-show'),(329,160,27,15,'2025-12-04 14:17:10',10,'Annual review','No-show'),(330,86,15,28,'2025-10-30 07:10:49',40,'Test results discussion','Completed'),(331,567,95,12,'2025-10-06 02:49:05',20,'Annual review','No-show'),(332,314,53,8,'2025-11-29 01:56:37',20,'Annual review','No-show'),(333,74,13,33,'2025-11-05 16:59:01',15,'Annual review','Completed'),(334,159,27,15,'2025-10-08 19:43:13',10,'Follow-up','Cancelled'),(335,504,84,14,'2025-11-19 13:21:50',30,'Annual review','Cancelled'),(336,394,66,27,'2025-12-06 01:28:24',20,'Test results discussion','Scheduled'),(337,419,70,30,'2025-09-09 12:56:47',10,'Annual review','Completed'),(338,199,34,11,'2025-11-25 17:17:44',20,'New symptoms','No-show'),(339,378,63,22,'2025-09-13 04:55:22',30,'Annual review','Completed'),(340,249,42,35,'2025-12-03 18:21:44',10,'New symptoms','Scheduled'),(341,152,26,40,'2025-10-22 17:53:21',40,'Annual review','Completed'),(342,261,44,11,'2025-10-20 01:02:11',40,'Test results discussion','Completed'),(343,13,3,11,'2025-09-24 16:00:15',10,'Annual review','No-show'),(344,83,14,17,'2025-12-11 16:33:27',15,'Annual review','Completed'),(346,316,53,8,'2025-11-20 22:14:12',10,'Follow-up','Cancelled'),(347,147,25,31,'2025-10-24 05:43:49',15,'Annual review','Cancelled'),(348,7,2,18,'2025-10-04 16:47:41',30,'Follow-up','Scheduled'),(349,72,12,26,'2025-11-22 03:16:25',40,'Annual review','Cancelled'),(350,442,74,19,'2025-10-05 03:12:47',15,'New symptoms','Completed'),(351,138,23,19,'2025-10-10 10:50:33',30,'Medication review','Scheduled'),(352,462,77,19,'2025-12-21 02:50:27',15,'Medication review','Completed'),(353,61,11,23,'2025-10-07 11:34:50',15,'New symptoms','No-show'),(354,452,76,9,'2025-09-23 04:53:15',15,'Follow-up','Cancelled'),(355,88,15,28,'2025-11-14 08:20:33',10,'New symptoms','Scheduled'),(356,351,59,30,'2025-09-07 18:15:23',40,'Medication review','No-show'),(357,497,83,4,'2025-09-21 13:48:16',10,'Follow-up','Cancelled'),(358,8,2,18,'2025-12-24 02:23:33',10,'Follow-up','Completed'),(359,535,90,39,'2025-09-03 09:50:35',30,'Test results discussion','Cancelled'),(360,498,83,4,'2025-12-02 21:25:11',20,'Test results discussion','No-show'),(361,345,58,22,'2025-11-12 23:59:02',20,'New symptoms','Completed'),(362,370,62,16,'2025-11-18 09:00:39',30,'Test results discussion','Scheduled'),(364,412,69,34,'2025-09-28 23:08:55',10,'Test results discussion','Scheduled'),(365,544,91,20,'2025-10-26 06:24:47',15,'New symptoms','No-show'),(366,487,82,29,'2025-12-10 23:40:23',30,'Medication review','Scheduled'),(368,455,76,9,'2025-10-17 08:27:43',40,'Annual review','No-show'),(369,84,14,17,'2025-11-08 15:21:14',30,'Annual review','Scheduled'),(370,395,66,27,'2025-10-29 01:30:02',40,'Medication review','Completed'),(371,533,89,10,'2025-12-22 01:12:46',40,'Follow-up','Completed'),(372,510,85,36,'2025-09-18 21:52:05',20,'Test results discussion','No-show'),(373,173,29,25,'2025-11-27 15:50:48',10,'Annual review','Completed'),(374,250,42,35,'2025-10-13 02:19:03',15,'Follow-up','Scheduled'),(375,446,75,35,'2025-09-07 16:11:00',15,'New symptoms','No-show'),(376,288,48,27,'2025-10-14 19:01:36',20,'Annual review','Scheduled'),(377,140,24,21,'2025-12-14 19:09:08',30,'Follow-up','Cancelled'),(378,230,39,35,'2025-12-22 20:13:28',40,'Follow-up','Cancelled'),(379,387,65,36,'2025-11-15 02:37:12',40,'Annual review','Completed'),(380,229,39,35,'2025-10-22 07:27:55',10,'New symptoms','Scheduled'),(381,115,20,27,'2025-09-19 07:25:11',20,'Test results discussion','Completed'),(382,119,20,27,'2025-12-22 05:37:23',20,'Medication review','Cancelled'),(383,390,65,36,'2025-12-23 00:37:38',10,'New symptoms','Scheduled'),(384,549,92,29,'2025-10-08 20:48:03',30,'Annual review','Cancelled'),(385,374,63,22,'2025-09-26 12:38:05',40,'Test results discussion','Completed'),(386,110,19,21,'2025-11-17 18:17:21',10,'Test results discussion','No-show'),(387,324,54,37,'2025-09-30 02:21:16',20,'Medication review','No-show'),(388,467,78,17,'2025-09-30 15:03:07',40,'New symptoms','Completed'),(389,36,6,20,'2025-12-27 06:59:04',20,'New symptoms','Scheduled'),(390,281,47,14,'2025-12-22 10:54:11',30,'Medication review','No-show'),(391,299,50,2,'2025-11-14 03:35:22',10,'New symptoms','Completed'),(392,216,36,5,'2025-10-15 16:54:37',10,'Medication review','No-show'),(393,402,67,32,'2025-10-30 01:54:55',15,'Follow-up','No-show'),(394,346,58,22,'2025-11-23 00:42:04',30,'New symptoms','No-show'),(395,401,67,32,'2025-09-15 22:43:13',40,'New symptoms','Cancelled'),(396,200,34,11,'2025-12-17 09:54:42',30,'Follow-up','Completed'),(397,332,56,20,'2025-12-23 16:47:02',10,'New symptoms','No-show'),(398,168,28,40,'2025-12-23 01:44:54',15,'Annual review','No-show'),(399,299,50,2,'2025-09-30 02:55:24',15,'Medication review','Completed'),(400,10,2,18,'2025-11-11 08:05:40',40,'Follow-up','Completed'),(401,386,65,36,'2025-11-23 22:28:54',15,'Follow-up','Scheduled'),(404,414,69,34,'2025-10-19 13:47:14',10,'Follow-up','Completed'),(405,407,68,16,'2025-12-05 21:09:42',20,'Test results discussion','Completed'),(406,385,65,36,'2025-09-19 09:37:05',30,'Annual review','Cancelled'),(407,456,76,9,'2025-11-12 07:50:58',10,'Follow-up','Scheduled'),(408,85,15,28,'2025-09-25 16:48:05',30,'Test results discussion','Completed'),(409,24,4,1,'2025-12-24 22:55:17',40,'Test results discussion','No-show'),(410,281,47,14,'2025-09-20 08:39:00',40,'Medication review','No-show'),(411,496,83,4,'2025-11-25 04:59:08',20,'Test results discussion','Completed'),(412,102,17,28,'2025-11-04 03:40:36',10,'Test results discussion','Completed'),(413,416,70,30,'2025-09-05 20:01:29',30,'Test results discussion','No-show'),(414,66,11,23,'2025-12-11 18:15:16',40,'Test results discussion','Scheduled'),(415,213,36,5,'2025-09-24 18:46:44',15,'Test results discussion','Completed'),(416,6,1,33,'2025-12-18 17:11:26',30,'New symptoms','Scheduled'),(417,41,7,7,'2025-09-27 00:19:33',40,'Medication review','Completed'),(418,90,15,28,'2025-12-20 05:25:20',20,'Follow-up','Scheduled'),(419,128,22,40,'2025-12-09 06:49:19',20,'New symptoms','Completed'),(421,532,89,10,'2025-10-28 23:19:41',40,'Annual review','Completed'),(422,591,99,36,'2025-12-06 05:37:45',20,'Test results discussion','Cancelled'),(423,552,92,29,'2025-12-10 03:31:24',15,'Follow-up','Scheduled'),(424,243,41,1,'2025-09-09 03:11:33',15,'Medication review','Cancelled'),(425,221,37,35,'2025-09-28 01:27:16',40,'Test results discussion','Completed'),(426,368,62,16,'2025-10-25 20:45:27',15,'Test results discussion','No-show'),(427,77,13,33,'2025-12-17 18:28:48',20,'New symptoms','No-show'),(428,168,28,40,'2025-11-18 16:24:42',30,'Follow-up','Cancelled'),(430,276,46,9,'2025-10-09 09:42:31',20,'Test results discussion','Completed'),(431,430,72,12,'2025-10-01 19:19:18',20,'Annual review','No-show'),(432,27,5,24,'2025-12-28 05:00:49',15,'Follow-up','Cancelled'),(433,128,22,40,'2025-12-14 04:49:49',10,'Test results discussion','No-show'),(434,68,12,26,'2025-11-04 22:55:02',10,'New symptoms','Cancelled'),(435,280,47,14,'2025-09-30 09:56:43',15,'New symptoms','Scheduled'),(436,101,17,28,'2025-11-14 05:40:27',15,'Annual review','Scheduled'),(437,127,22,40,'2025-10-06 02:58:03',40,'New symptoms','No-show'),(438,98,17,28,'2025-12-13 17:07:58',20,'Test results discussion','Cancelled'),(439,565,95,12,'2025-10-24 15:12:10',40,'Follow-up','Scheduled'),(440,175,30,1,'2025-11-02 17:58:14',30,'Medication review','Cancelled'),(441,545,91,20,'2025-12-18 02:58:35',40,'Annual review','No-show'),(442,131,22,40,'2025-10-22 07:18:42',10,'Test results discussion','Completed'),(443,130,22,40,'2025-09-29 16:53:27',30,'Test results discussion','Cancelled'),(444,55,10,7,'2025-11-12 21:01:38',15,'Test results discussion','No-show'),(445,469,79,37,'2025-10-07 13:19:44',30,'New symptoms','No-show'),(446,515,86,39,'2025-10-27 16:40:35',20,'Annual review','Completed'),(447,313,53,8,'2025-09-18 21:10:49',20,'Annual review','Cancelled'),(448,93,16,33,'2025-09-17 10:22:47',10,'Medication review','Scheduled'),(449,170,29,25,'2025-12-22 17:10:12',10,'Follow-up','Cancelled'),(450,568,95,12,'2025-12-06 16:50:59',10,'Annual review','Completed'),(451,492,82,29,'2025-12-07 15:56:25',40,'Test results discussion','Scheduled'),(452,416,70,30,'2025-09-04 16:46:47',40,'Medication review','Scheduled'),(454,460,77,19,'2025-10-04 17:25:03',40,'Medication review','Completed'),(455,77,13,33,'2025-11-12 06:34:52',15,'Test results discussion','Cancelled'),(456,53,9,22,'2025-11-23 02:01:42',30,'Annual review','Completed'),(457,383,64,23,'2025-09-23 23:42:23',20,'Medication review','Scheduled'),(458,298,50,2,'2025-10-30 02:16:13',30,'New symptoms','Cancelled'),(459,219,37,35,'2025-09-02 10:24:45',40,'Annual review','Completed'),(460,313,53,8,'2025-12-11 02:32:21',10,'Annual review','No-show'),(461,59,10,7,'2025-11-10 01:53:15',10,'Test results discussion','No-show'),(462,337,57,35,'2025-10-29 22:24:53',20,'Follow-up','Scheduled'),(463,359,60,18,'2025-10-08 03:33:28',30,'New symptoms','Scheduled'),(464,104,18,13,'2025-11-24 15:41:28',30,'Medication review','Scheduled'),(465,542,91,20,'2025-12-10 20:53:54',15,'Annual review','Scheduled'),(466,500,84,14,'2025-09-03 08:12:18',15,'New symptoms','Completed'),(467,482,81,39,'2025-11-17 18:30:20',20,'New symptoms','Cancelled'),(468,439,74,19,'2025-10-07 09:01:47',40,'New symptoms','Scheduled'),(469,450,75,35,'2025-11-26 07:33:02',15,'Medication review','Cancelled'),(470,445,75,35,'2025-09-03 03:04:39',20,'Medication review','Scheduled'),(471,195,33,29,'2025-10-27 07:43:44',10,'Medication review','No-show'),(472,432,72,12,'2025-11-05 07:34:00',10,'Medication review','Completed'),(473,491,82,29,'2025-10-23 14:42:57',10,'Annual review','No-show'),(475,514,86,39,'2025-11-16 12:09:55',15,'Follow-up','Scheduled'),(476,22,4,1,'2025-09-26 11:46:42',15,'New symptoms','Scheduled'),(477,243,41,1,'2025-09-12 02:31:23',20,'Annual review','Scheduled'),(478,445,75,35,'2025-12-04 05:51:41',20,'New symptoms','No-show'),(479,85,15,28,'2025-11-24 07:03:39',15,'Test results discussion','Completed'),(482,106,18,13,'2025-12-08 13:02:45',40,'Medication review','Completed'),(483,153,26,40,'2025-10-16 13:00:28',10,'Medication review','No-show'),(484,40,7,7,'2025-10-25 04:17:15',15,'Medication review','No-show'),(485,19,4,1,'2025-12-30 16:56:46',15,'Follow-up','Scheduled'),(486,390,65,36,'2025-11-20 02:08:32',40,'New symptoms','Completed'),(487,228,38,10,'2025-11-06 06:42:08',30,'Annual review','Scheduled'),(489,276,46,9,'2025-11-11 14:23:15',20,'New symptoms','No-show'),(490,253,43,32,'2025-11-03 02:33:59',10,'Medication review','Scheduled'),(491,1,1,33,'2025-09-12 02:56:46',20,'Medication review','Cancelled'),(492,484,81,39,'2025-10-26 09:38:13',40,'Follow-up','No-show'),(493,190,32,9,'2025-10-20 23:37:51',30,'New symptoms','Cancelled'),(494,312,52,17,'2025-09-23 15:45:39',10,'Follow-up','Completed'),(495,340,57,35,'2025-11-11 00:22:19',20,'Test results discussion','Cancelled'),(496,244,41,1,'2025-10-25 14:00:21',15,'Test results discussion','No-show'),(497,90,15,28,'2025-09-22 15:41:57',15,'Test results discussion','Scheduled'),(498,43,8,16,'2025-12-24 21:34:28',15,'Medication review','No-show'),(499,102,17,28,'2025-09-16 12:57:51',40,'Test results discussion','Cancelled'),(500,309,52,17,'2025-12-03 01:55:30',15,'Test results discussion','Completed'),(501,45,8,16,'2025-09-26 19:44:24',15,'Annual review','Cancelled'),(503,447,75,35,'2025-09-15 03:32:40',30,'Annual review','Scheduled'),(504,171,29,25,'2025-12-27 08:15:30',20,'Medication review','Cancelled'),(505,47,8,16,'2025-12-20 22:33:56',10,'Medication review','No-show'),(506,507,85,36,'2025-12-14 09:29:21',40,'Follow-up','Completed'),(507,449,75,35,'2025-12-09 21:24:33',30,'Test results discussion','No-show'),(508,411,69,34,'2025-12-28 21:50:33',20,'Medication review','Completed'),(509,4,1,33,'2025-10-03 01:40:05',40,'Medication review','Scheduled'),(511,311,52,17,'2025-10-14 18:50:30',20,'New symptoms','Scheduled'),(512,176,30,1,'2025-10-15 11:35:12',10,'Test results discussion','Completed'),(513,299,50,2,'2025-09-09 14:10:32',15,'New symptoms','Completed'),(514,277,47,14,'2025-09-12 00:06:01',15,'Medication review','Scheduled'),(515,2,1,33,'2025-11-08 11:17:23',40,'New symptoms','Cancelled'),(516,86,15,28,'2025-12-17 15:48:26',20,'Medication review','No-show'),(517,302,51,9,'2025-11-04 00:54:33',10,'Follow-up','Cancelled'),(518,225,38,10,'2025-10-26 07:26:56',15,'New symptoms','Scheduled'),(519,551,92,29,'2025-12-24 06:11:39',10,'Annual review','Cancelled'),(520,565,95,12,'2025-10-12 00:46:14',30,'Medication review','Cancelled'),(521,276,46,9,'2025-10-11 14:19:46',40,'Annual review','Completed'),(522,457,77,19,'2025-10-16 23:54:29',30,'New symptoms','Completed'),(523,491,82,29,'2025-09-20 04:37:55',30,'Medication review','No-show'),(524,190,32,9,'2025-10-06 04:44:04',15,'Test results discussion','No-show'),(525,185,31,34,'2025-10-26 18:25:17',10,'New symptoms','Completed'),(526,182,31,34,'2025-11-17 13:05:33',40,'Medication review','Scheduled'),(527,147,25,31,'2025-09-15 23:46:16',30,'Medication review','No-show'),(528,413,69,34,'2025-09-21 11:07:24',40,'Medication review','Scheduled'),(529,103,18,13,'2025-11-14 09:01:32',30,'Follow-up','Scheduled'),(530,14,3,11,'2025-09-10 11:50:36',15,'Medication review','Scheduled'),(531,275,46,9,'2025-09-29 16:43:48',40,'Follow-up','Scheduled'),(532,109,19,21,'2025-12-16 07:37:41',20,'Follow-up','Completed'),(533,143,24,21,'2025-12-04 06:56:41',40,'Annual review','Completed'),(534,315,53,8,'2025-11-05 10:05:47',30,'Medication review','Completed'),(535,58,10,7,'2025-12-16 13:01:00',20,'Test results discussion','Scheduled'),(536,22,4,1,'2025-09-10 15:30:19',10,'Test results discussion','Cancelled'),(537,106,18,13,'2025-12-10 07:57:37',30,'Medication review','Scheduled'),(538,230,39,35,'2025-09-06 15:51:07',15,'Annual review','No-show'),(539,151,26,40,'2025-11-09 14:32:36',20,'Medication review','No-show'),(540,116,20,27,'2025-12-06 12:03:00',15,'Follow-up','Completed'),(541,105,18,13,'2025-10-26 17:20:58',20,'Follow-up','Cancelled'),(542,122,21,13,'2025-11-11 00:01:17',10,'Follow-up','Completed'),(543,183,31,34,'2025-11-24 05:33:11',40,'New symptoms','Completed'),(545,357,60,18,'2025-09-22 04:18:51',20,'Annual review','Cancelled'),(546,272,46,9,'2025-09-16 19:54:27',10,'Medication review','Completed'),(548,69,12,26,'2025-09-23 23:22:57',40,'Annual review','Cancelled'),(549,149,25,31,'2025-09-19 13:30:49',20,'Medication review','Completed'),(550,395,66,27,'2025-11-09 11:16:33',20,'Annual review','No-show'),(551,493,83,4,'2025-11-21 09:07:13',40,'New symptoms','Completed'),(552,252,42,35,'2025-11-15 09:46:21',30,'Test results discussion','No-show'),(553,552,92,29,'2025-12-14 15:33:05',30,'Test results discussion','Completed'),(554,394,66,27,'2025-09-18 05:41:12',40,'Annual review','Completed'),(555,90,15,28,'2025-10-17 16:04:44',20,'Follow-up','Completed'),(556,18,3,11,'2025-11-11 08:53:56',40,'Annual review','Completed'),(557,113,19,21,'2025-09-13 13:39:02',20,'New symptoms','Completed'),(558,302,51,9,'2025-11-30 09:33:55',15,'Test results discussion','No-show'),(559,249,42,35,'2025-10-12 22:06:26',15,'Follow-up','Completed'),(560,121,21,13,'2025-09-29 18:47:06',30,'Follow-up','No-show'),(561,381,64,23,'2025-09-12 12:02:47',10,'Test results discussion','Scheduled'),(562,489,82,29,'2025-12-26 07:53:38',15,'Follow-up','Completed'),(563,375,63,22,'2025-09-29 10:24:03',10,'Medication review','Scheduled'),(564,13,3,11,'2025-12-21 12:35:08',30,'Medication review','Completed'),(565,482,81,39,'2025-09-29 04:58:15',40,'New symptoms','No-show'),(566,422,71,13,'2025-11-06 12:06:15',30,'Follow-up','Cancelled'),(567,114,19,21,'2025-10-02 06:29:15',10,'Follow-up','Completed'),(568,516,86,39,'2025-10-03 03:16:46',10,'Annual review','No-show'),(569,466,78,17,'2025-12-18 14:33:13',20,'Test results discussion','Cancelled'),(570,233,39,35,'2025-11-23 06:26:47',15,'New symptoms','Scheduled'),(571,535,90,39,'2025-11-14 07:33:30',15,'Medication review','No-show'),(572,58,10,7,'2025-10-14 12:10:40',30,'Medication review','Scheduled'),(573,480,80,20,'2025-12-03 16:55:15',20,'Annual review','No-show'),(574,169,29,25,'2025-09-12 14:47:18',20,'Annual review','Completed'),(575,277,47,14,'2025-09-23 01:11:05',10,'Follow-up','Cancelled'),(576,344,58,22,'2025-09-07 10:43:01',15,'New symptoms','Completed'),(577,555,93,39,'2025-09-22 16:09:38',10,'Medication review','Scheduled'),(578,317,53,8,'2025-10-08 10:56:58',40,'Medication review','Scheduled'),(579,247,42,35,'2025-10-24 06:24:49',10,'Test results discussion','Scheduled'),(580,578,97,27,'2025-12-04 22:42:14',10,'Follow-up','Cancelled'),(581,96,16,33,'2025-10-31 22:12:10',10,'New symptoms','Cancelled'),(582,408,68,16,'2025-12-08 03:10:33',15,'New symptoms','No-show'),(584,516,86,39,'2025-09-21 14:42:27',40,'Medication review','Scheduled'),(585,392,66,27,'2025-12-03 14:45:44',40,'Follow-up','Cancelled'),(586,166,28,40,'2025-10-01 10:13:02',30,'Follow-up','Scheduled'),(588,459,77,19,'2025-09-27 11:25:30',20,'New symptoms','Cancelled'),(589,442,74,19,'2025-09-09 18:28:25',30,'Medication review','Completed'),(590,77,13,33,'2025-10-01 14:14:31',40,'Annual review','Scheduled'),(591,16,3,11,'2025-09-29 16:40:08',20,'Test results discussion','Scheduled'),(592,511,86,39,'2025-09-20 06:36:10',30,'New symptoms','Completed'),(593,303,51,9,'2025-10-03 08:30:58',10,'New symptoms','Cancelled'),(596,127,22,40,'2025-12-21 10:29:23',30,'Follow-up','Cancelled'),(597,294,49,4,'2025-11-18 20:30:43',30,'Test results discussion','Completed'),(598,452,76,9,'2025-11-12 05:05:46',40,'Test results discussion','Cancelled'),(599,383,64,23,'2025-09-18 05:05:38',30,'Test results discussion','No-show'),(602,385,65,36,'2025-10-02 17:17:32',40,'Annual review','Scheduled'),(603,229,39,35,'2025-11-16 09:15:01',30,'Follow-up','Cancelled'),(604,478,80,20,'2025-12-01 23:18:56',40,'Annual review','Scheduled'),(605,88,15,28,'2025-10-07 00:08:05',10,'Annual review','No-show'),(606,205,35,18,'2025-11-18 23:13:15',20,'Follow-up','Cancelled'),(607,351,59,30,'2025-12-28 08:33:56',30,'Medication review','No-show'),(608,118,20,27,'2025-10-26 01:19:18',30,'Follow-up','Completed'),(609,482,81,39,'2025-09-30 06:08:36',15,'New symptoms','Scheduled'),(610,390,65,36,'2025-09-14 02:48:22',20,'Annual review','No-show'),(611,219,37,35,'2025-09-12 12:01:10',15,'Follow-up','No-show'),(612,277,47,14,'2025-10-20 22:44:14',15,'Follow-up','Completed'),(613,71,12,26,'2025-10-25 04:29:28',30,'Follow-up','Cancelled'),(614,463,78,17,'2025-11-22 12:02:44',40,'Medication review','Cancelled'),(615,189,32,9,'2025-09-12 10:27:25',10,'Annual review','Cancelled'),(616,305,51,9,'2025-10-03 22:46:50',15,'New symptoms','No-show'),(617,494,83,4,'2025-12-03 07:59:16',40,'Medication review','No-show'),(619,80,14,17,'2025-12-23 07:57:20',40,'Medication review','Cancelled'),(621,512,86,39,'2025-11-02 10:34:02',10,'Annual review','Cancelled'),(622,534,89,10,'2025-09-02 17:08:07',30,'Medication review','No-show'),(623,593,99,36,'2025-09-20 22:07:53',10,'Medication review','Completed'),(624,431,72,12,'2025-12-17 00:56:46',15,'Test results discussion','No-show'),(625,222,37,35,'2025-11-08 14:11:46',15,'Medication review','Scheduled'),(626,380,64,23,'2025-11-11 15:24:18',10,'New symptoms','Cancelled'),(627,515,86,39,'2025-09-26 05:21:19',30,'Annual review','No-show'),(628,421,71,13,'2025-11-09 07:10:33',20,'Test results discussion','No-show'),(629,536,90,39,'2025-11-06 05:03:55',10,'Medication review','No-show'),(630,439,74,19,'2025-11-13 10:52:19',15,'Test results discussion','Completed'),(631,556,93,39,'2025-11-25 15:19:48',30,'New symptoms','No-show'),(632,291,49,4,'2025-09-21 06:25:20',10,'Follow-up','Scheduled'),(633,17,3,11,'2025-12-30 15:58:53',30,'Follow-up','No-show'),(634,558,93,39,'2025-09-21 08:38:43',30,'Test results discussion','Scheduled'),(635,297,50,2,'2025-11-22 16:19:42',15,'Medication review','No-show'),(636,565,95,12,'2025-11-14 23:57:38',10,'Medication review','No-show'),(637,128,22,40,'2025-11-09 01:58:41',30,'Annual review','No-show'),(638,8,2,18,'2025-11-13 17:57:59',15,'Test results discussion','Cancelled'),(639,275,46,9,'2025-10-23 08:39:18',20,'Annual review','Completed'),(640,5,1,33,'2025-11-21 11:58:26',10,'Follow-up','Scheduled'),(641,158,27,15,'2025-11-13 16:51:25',40,'Test results discussion','Cancelled'),(642,344,58,22,'2025-10-05 02:10:17',40,'Annual review','Completed'),(643,570,95,12,'2025-11-16 23:52:51',15,'Test results discussion','No-show'),(644,53,9,22,'2025-12-23 04:59:34',30,'Medication review','No-show'),(645,178,30,1,'2025-11-19 06:40:14',20,'Test results discussion','Completed'),(646,448,75,35,'2025-10-16 20:23:45',10,'Medication review','Scheduled'),(647,591,99,36,'2025-11-17 02:54:32',20,'Test results discussion','Completed'),(648,331,56,20,'2025-10-11 13:36:08',10,'Follow-up','Scheduled'),(649,448,75,35,'2025-09-04 05:46:17',40,'Medication review','Scheduled'),(650,557,93,39,'2025-09-17 07:06:23',40,'Annual review','Scheduled'),(651,134,23,19,'2025-11-29 02:25:27',20,'Medication review','Completed'),(652,228,38,10,'2025-10-29 15:45:33',15,'Test results discussion','Completed'),(653,388,65,36,'2025-10-22 13:55:24',10,'New symptoms','Scheduled'),(654,148,25,31,'2025-09-06 11:50:38',40,'Follow-up','Scheduled'),(655,471,79,37,'2025-12-26 17:04:09',10,'Follow-up','Completed'),(656,290,49,4,'2025-10-22 20:59:01',15,'Follow-up','Scheduled'),(657,507,85,36,'2025-11-11 04:14:00',15,'Annual review','Scheduled'),(658,503,84,14,'2025-09-06 06:19:36',30,'Follow-up','No-show'),(659,79,14,17,'2025-10-12 20:03:00',30,'Annual review','Cancelled'),(660,462,77,19,'2025-10-03 06:47:50',15,'New symptoms','Scheduled'),(661,183,31,34,'2025-12-21 03:46:51',40,'Follow-up','Scheduled'),(662,352,59,30,'2025-11-08 08:07:45',30,'Test results discussion','Scheduled'),(663,163,28,40,'2025-12-12 07:31:28',20,'Follow-up','Completed'),(664,31,6,20,'2025-12-15 01:43:39',10,'Test results discussion','Completed'),(665,222,37,35,'2025-11-11 20:30:49',10,'Medication review','Scheduled'),(666,336,56,20,'2025-09-28 21:45:35',15,'Follow-up','Completed'),(667,275,46,9,'2025-10-25 03:22:41',30,'Medication review','Scheduled'),(668,357,60,18,'2025-12-18 02:09:46',20,'Annual review','No-show'),(669,447,75,35,'2025-12-10 13:09:09',30,'Medication review','Cancelled'),(670,178,30,1,'2025-10-10 10:10:15',20,'Annual review','Scheduled'),(671,598,100,8,'2025-12-25 02:18:57',20,'Medication review','Completed'),(672,500,84,14,'2025-11-25 04:07:27',30,'Annual review','Cancelled'),(674,205,35,18,'2025-12-21 03:04:24',20,'New symptoms','Scheduled'),(675,461,77,19,'2025-10-04 11:26:13',10,'Test results discussion','Cancelled'),(676,420,70,30,'2025-10-28 23:41:09',40,'Test results discussion','Cancelled'),(677,408,68,16,'2025-09-07 19:31:49',10,'Medication review','Cancelled'),(678,440,74,19,'2025-10-08 02:25:34',20,'Medication review','Scheduled'),(679,221,37,35,'2025-11-13 04:03:45',20,'Medication review','Cancelled'),(680,126,21,13,'2025-09-03 20:53:34',20,'Follow-up','Cancelled'),(681,219,37,35,'2025-12-01 08:48:44',40,'New symptoms','Completed'),(683,540,90,39,'2025-10-14 05:27:10',10,'Test results discussion','Cancelled'),(684,77,13,33,'2025-12-22 10:47:36',30,'Annual review','Cancelled'),(686,511,86,39,'2025-09-11 02:03:56',20,'Annual review','Scheduled'),(687,128,22,40,'2025-11-28 22:07:53',15,'Test results discussion','Cancelled'),(688,393,66,27,'2025-10-17 21:48:21',40,'Follow-up','Cancelled'),(689,19,4,1,'2025-12-22 19:13:48',10,'Annual review','Cancelled'),(690,135,23,19,'2025-11-19 05:14:03',10,'Test results discussion','Scheduled'),(691,346,58,22,'2025-09-05 03:50:03',10,'Annual review','Scheduled'),(692,426,71,13,'2025-10-30 10:45:13',20,'New symptoms','Cancelled'),(693,410,69,34,'2025-09-17 11:44:31',40,'New symptoms','No-show'),(694,49,9,22,'2025-11-17 09:02:20',20,'Annual review','No-show'),(695,125,21,13,'2025-11-13 14:31:43',40,'Follow-up','Scheduled'),(696,230,39,35,'2025-09-11 06:55:25',10,'Medication review','Scheduled'),(697,331,56,20,'2025-11-25 14:25:38',15,'Medication review','Scheduled'),(698,196,33,29,'2025-11-12 15:06:11',40,'Follow-up','Scheduled'),(700,77,13,33,'2025-10-23 05:03:27',20,'Test results discussion','No-show'),(701,277,47,14,'2025-10-05 01:50:07',15,'Test results discussion','No-show'),(702,123,21,13,'2025-09-26 12:32:52',20,'Medication review','No-show'),(703,458,77,19,'2025-09-25 18:18:03',40,'Test results discussion','Completed'),(704,592,99,36,'2025-12-03 19:18:01',30,'New symptoms','Cancelled'),(705,495,83,4,'2025-10-15 20:26:47',10,'New symptoms','Cancelled'),(706,85,15,28,'2025-11-09 13:08:39',40,'Medication review','Completed'),(707,80,14,17,'2025-09-16 14:11:53',30,'Follow-up','Completed'),(708,14,3,11,'2025-10-13 23:15:51',30,'Annual review','Completed'),(709,500,84,14,'2025-09-22 07:10:01',20,'Medication review','Cancelled'),(710,320,54,37,'2025-11-29 03:53:44',15,'Test results discussion','Scheduled'),(711,134,23,19,'2025-10-14 11:36:40',20,'Annual review','No-show'),(713,285,48,27,'2025-11-23 03:45:39',15,'New symptoms','Scheduled'),(714,151,26,40,'2025-11-30 12:12:06',10,'Follow-up','Completed'),(715,17,3,11,'2025-11-30 11:42:06',15,'New symptoms','Scheduled'),(716,488,82,29,'2025-12-14 02:06:19',30,'New symptoms','Cancelled'),(717,122,21,13,'2025-12-17 20:36:13',10,'New symptoms','No-show'),(718,218,37,35,'2025-10-01 05:56:25',30,'Test results discussion','No-show'),(719,521,87,19,'2025-11-05 19:20:19',10,'Annual review','Cancelled'),(720,379,64,23,'2025-09-20 23:50:24',10,'Annual review','No-show'),(721,199,34,11,'2025-10-29 02:10:00',15,'Annual review','Completed'),(722,283,48,27,'2025-12-13 19:56:28',40,'Annual review','No-show'),(723,112,19,21,'2025-09-11 16:25:04',15,'Follow-up','Completed'),(724,118,20,27,'2025-09-12 07:38:23',10,'Test results discussion','Cancelled'),(725,245,41,1,'2025-09-14 18:52:15',40,'Follow-up','Cancelled'),(726,232,39,35,'2025-11-19 13:23:00',30,'Annual review','Scheduled'),(727,226,38,10,'2025-10-24 02:12:52',30,'Medication review','Completed'),(728,209,35,18,'2025-11-08 12:05:15',20,'Test results discussion','Cancelled'),(729,4,1,33,'2025-09-20 07:12:07',15,'Test results discussion','No-show'),(730,313,53,8,'2025-10-18 08:02:50',15,'New symptoms','Scheduled'),(731,171,29,25,'2025-10-08 09:05:17',20,'Annual review','Completed'),(732,14,3,11,'2025-12-03 03:47:58',30,'New symptoms','Scheduled'),(733,182,31,34,'2025-10-23 05:32:49',10,'Medication review','Scheduled'),(735,254,43,32,'2025-12-02 18:19:39',10,'Follow-up','Scheduled'),(736,581,97,27,'2025-10-28 10:34:01',15,'Test results discussion','Completed'),(737,151,26,40,'2025-09-20 05:39:10',10,'New symptoms','Cancelled'),(738,464,78,17,'2025-12-06 06:38:59',20,'Test results discussion','Cancelled'),(739,499,84,14,'2025-10-21 05:34:02',20,'Annual review','Scheduled'),(741,116,20,27,'2025-10-24 09:59:58',40,'Follow-up','Completed'),(742,421,71,13,'2025-10-14 18:27:55',15,'New symptoms','No-show'),(743,32,6,20,'2025-10-19 10:50:11',40,'Annual review','Cancelled'),(744,212,36,5,'2025-09-19 08:02:48',15,'Annual review','Scheduled'),(745,281,47,14,'2025-12-16 19:29:40',30,'Test results discussion','Completed'),(746,272,46,9,'2025-11-08 17:44:08',20,'Annual review','No-show'),(747,283,48,27,'2025-11-01 01:33:03',15,'Follow-up','Cancelled'),(748,126,21,13,'2025-11-25 04:04:05',30,'Test results discussion','Cancelled'),(749,296,50,2,'2025-09-23 09:31:31',10,'Annual review','Completed'),(750,478,80,20,'2025-10-01 04:06:43',40,'New symptoms','Completed'),(751,311,52,17,'2025-12-05 12:46:04',20,'Follow-up','Cancelled'),(752,16,3,11,'2025-11-29 03:07:56',10,'Medication review','Cancelled'),(753,127,22,40,'2025-09-12 07:53:55',30,'New symptoms','Scheduled'),(754,441,74,19,'2025-11-09 09:37:46',10,'Follow-up','Cancelled'),(755,142,24,21,'2025-11-09 00:08:06',20,'Test results discussion','Completed'),(756,89,15,28,'2025-10-24 13:24:30',15,'Medication review','No-show'),(757,600,100,8,'2025-09-17 16:10:22',20,'Medication review','Scheduled'),(758,485,81,39,'2025-11-09 20:42:21',15,'Annual review','No-show'),(759,409,69,34,'2025-09-21 01:21:34',20,'New symptoms','Cancelled'),(760,178,30,1,'2025-12-20 11:59:59',30,'New symptoms','Completed'),(761,205,35,18,'2025-10-20 13:10:47',15,'Annual review','Completed'),(762,309,52,17,'2025-10-31 05:23:05',10,'New symptoms','No-show'),(764,142,24,21,'2025-12-13 06:00:02',30,'New symptoms','Cancelled'),(765,480,80,20,'2025-11-09 18:39:46',30,'Annual review','No-show'),(766,421,71,13,'2025-11-30 13:44:21',10,'Test results discussion','Scheduled'),(767,432,72,12,'2025-09-19 04:06:32',15,'Test results discussion','Cancelled'),(768,249,42,35,'2025-12-23 16:29:54',40,'New symptoms','Completed'),(769,557,93,39,'2025-12-20 19:46:07',20,'Follow-up','No-show'),(770,129,22,40,'2025-11-19 05:50:47',10,'Annual review','No-show'),(771,56,10,7,'2025-09-18 10:32:23',10,'New symptoms','Scheduled'),(772,342,57,35,'2025-12-26 09:49:25',10,'New symptoms','No-show'),(773,340,57,35,'2025-09-13 19:39:01',10,'Test results discussion','Scheduled'),(774,210,35,18,'2025-12-11 05:57:53',15,'Test results discussion','No-show'),(775,140,24,21,'2025-10-15 09:47:18',15,'New symptoms','Cancelled'),(776,7,2,18,'2025-12-05 04:03:17',40,'Medication review','Scheduled'),(777,69,12,26,'2025-09-02 00:09:59',15,'Test results discussion','Scheduled'),(778,533,89,10,'2025-09-20 19:25:02',15,'Medication review','Scheduled'),(779,486,81,39,'2025-09-06 18:54:25',40,'Annual review','No-show'),(780,57,10,7,'2025-09-25 15:40:56',20,'Annual review','No-show'),(781,189,32,9,'2025-10-17 14:50:35',40,'New symptoms','No-show'),(782,127,22,40,'2025-11-24 22:54:51',15,'Follow-up','Completed'),(783,146,25,31,'2025-10-18 17:39:32',15,'Test results discussion','Completed'),(784,488,82,29,'2025-12-04 07:08:09',20,'New symptoms','Scheduled'),(785,505,85,36,'2025-11-12 07:55:32',20,'Annual review','No-show'),(786,110,19,21,'2025-12-01 02:13:39',30,'Annual review','Completed'),(787,29,5,24,'2025-10-27 00:50:35',30,'Follow-up','No-show'),(788,12,2,18,'2025-12-23 17:30:12',20,'Follow-up','No-show'),(789,44,8,16,'2025-11-09 21:08:49',15,'Annual review','No-show'),(790,284,48,27,'2025-09-03 18:30:09',15,'New symptoms','Completed'),(791,358,60,18,'2025-12-12 22:56:12',30,'Test results discussion','Scheduled'),(792,179,30,1,'2025-10-01 09:35:16',20,'Test results discussion','Cancelled'),(793,471,79,37,'2025-09-29 04:37:49',20,'New symptoms','No-show'),(794,70,12,26,'2025-12-04 22:24:48',30,'Annual review','Completed'),(795,590,99,36,'2025-12-09 10:41:56',40,'New symptoms','Completed'),(796,332,56,20,'2025-12-25 08:14:58',40,'New symptoms','No-show'),(797,70,12,26,'2025-09-10 17:23:05',10,'Medication review','Completed'),(798,99,17,28,'2025-09-22 15:01:23',30,'Annual review','Cancelled'),(800,431,72,12,'2025-09-14 11:59:07',10,'Test results discussion','Cancelled'),(801,118,20,27,'2025-09-09 06:22:54',10,'Annual review','Cancelled'),(802,31,6,20,'2025-10-05 19:12:43',20,'Follow-up','No-show'),(803,387,65,36,'2025-09-27 20:50:04',40,'Test results discussion','Completed'),(804,201,34,11,'2025-10-21 00:42:42',30,'Annual review','Cancelled'),(805,231,39,35,'2025-10-11 01:37:34',15,'Annual review','Completed'),(806,89,15,28,'2025-12-24 00:49:10',10,'Follow-up','Completed'),(807,35,6,20,'2025-09-29 07:04:08',10,'New symptoms','No-show'),(808,582,97,27,'2025-12-17 03:15:04',10,'New symptoms','Completed'),(809,541,91,20,'2025-12-07 08:20:43',15,'Medication review','No-show'),(810,513,86,39,'2025-11-09 08:55:59',20,'Test results discussion','Completed'),(811,69,12,26,'2025-11-26 05:19:12',30,'Annual review','Scheduled'),(812,583,98,27,'2025-09-17 04:10:35',15,'Test results discussion','Cancelled'),(813,104,18,13,'2025-09-24 21:34:55',30,'Medication review','Scheduled'),(814,554,93,39,'2025-11-05 06:11:52',10,'Medication review','Cancelled'),(815,258,43,32,'2025-11-16 19:31:08',20,'Follow-up','Completed'),(816,295,50,2,'2025-09-16 12:29:11',40,'Test results discussion','Completed'),(817,531,89,10,'2025-12-29 16:37:08',40,'New symptoms','No-show'),(818,59,10,7,'2025-12-17 00:16:20',10,'Test results discussion','No-show'),(821,210,35,18,'2025-12-17 05:36:42',20,'Follow-up','Completed'),(822,506,85,36,'2025-09-16 03:47:38',40,'Test results discussion','Scheduled'),(823,355,60,18,'2025-09-15 17:46:47',30,'Test results discussion','Scheduled'),(824,565,95,12,'2025-12-03 23:14:12',15,'New symptoms','Scheduled'),(825,107,18,13,'2025-09-08 21:54:30',30,'Test results discussion','Completed'),(826,359,60,18,'2025-11-24 19:00:29',30,'New symptoms','Completed'),(827,22,4,1,'2025-09-12 17:58:48',10,'Medication review','No-show'),(828,19,4,1,'2025-12-18 06:49:04',30,'Follow-up','No-show'),(829,387,65,36,'2025-09-26 07:38:54',30,'Annual review','Completed'),(830,119,20,27,'2025-11-26 01:00:29',10,'Test results discussion','Cancelled'),(832,244,41,1,'2025-10-17 01:21:14',10,'Test results discussion','Scheduled'),(833,233,39,35,'2025-11-21 05:01:28',40,'Test results discussion','Scheduled'),(834,16,3,11,'2025-10-20 12:43:22',10,'Follow-up','Scheduled'),(835,130,22,40,'2025-11-26 03:49:06',15,'New symptoms','Scheduled'),(836,322,54,37,'2025-11-08 21:34:06',40,'Medication review','Cancelled'),(837,133,23,19,'2025-12-28 16:44:30',30,'Annual review','Scheduled'),(838,79,14,17,'2025-09-16 19:56:48',20,'Test results discussion','Completed'),(839,507,85,36,'2025-11-10 07:32:46',15,'Annual review','Cancelled'),(840,376,63,22,'2025-12-18 01:44:14',20,'Medication review','Cancelled'),(842,355,60,18,'2025-11-20 18:37:28',40,'Annual review','Cancelled'),(843,81,14,17,'2025-10-11 12:38:05',15,'Test results discussion','Completed'),(844,313,53,8,'2025-12-18 09:00:24',15,'Follow-up','Cancelled'),(845,146,25,31,'2025-09-08 23:09:19',15,'Annual review','No-show'),(846,117,20,27,'2025-09-06 03:13:01',30,'Follow-up','Cancelled'),(847,285,48,27,'2025-12-25 05:23:52',30,'New symptoms','Scheduled'),(848,62,11,23,'2025-10-26 04:39:54',40,'Annual review','No-show'),(849,20,4,1,'2025-11-15 06:59:24',30,'Annual review','Scheduled'),(850,230,39,35,'2025-10-11 22:46:18',30,'Medication review','No-show'),(851,546,91,20,'2025-09-12 03:32:51',20,'Follow-up','Cancelled'),(852,27,5,24,'2025-12-29 04:55:50',20,'New symptoms','Completed'),(853,29,5,24,'2025-11-07 04:54:57',40,'Annual review','No-show'),(854,59,10,7,'2025-09-23 04:57:23',40,'Annual review','Cancelled'),(855,548,92,29,'2025-12-01 00:04:42',30,'Test results discussion','Cancelled'),(856,167,28,40,'2025-11-15 00:56:42',30,'Medication review','Completed'),(857,16,3,11,'2025-10-26 12:09:26',20,'Follow-up','Completed'),(858,556,93,39,'2025-10-29 10:38:38',20,'Test results discussion','No-show'),(859,40,7,7,'2025-12-30 12:39:29',20,'New symptoms','Cancelled'),(860,257,43,32,'2025-12-29 01:28:53',10,'Follow-up','Cancelled'),(861,583,98,27,'2025-11-03 07:55:08',20,'Medication review','No-show'),(862,474,79,37,'2025-09-05 08:28:06',30,'Follow-up','No-show'),(863,38,7,7,'2025-11-10 15:46:24',30,'Test results discussion','Completed'),(864,419,70,30,'2025-09-13 09:01:30',40,'Follow-up','Cancelled'),(865,565,95,12,'2025-11-01 23:28:10',10,'Annual review','Completed'),(867,233,39,35,'2025-10-05 21:12:25',15,'Test results discussion','Scheduled'),(869,594,99,36,'2025-11-02 14:53:08',10,'Test results discussion','Completed'),(870,63,11,23,'2025-10-22 07:16:57',20,'Follow-up','Cancelled'),(871,554,93,39,'2025-09-10 16:28:16',40,'Medication review','Cancelled'),(872,112,19,21,'2025-09-17 01:04:44',40,'Annual review','Scheduled'),(874,585,98,27,'2025-11-13 02:39:36',30,'Follow-up','No-show'),(875,290,49,4,'2025-09-29 18:47:55',10,'New symptoms','Cancelled'),(876,344,58,22,'2025-11-20 06:03:31',20,'Annual review','Cancelled'),(877,32,6,20,'2025-10-03 03:06:42',20,'Follow-up','Cancelled'),(878,154,26,40,'2025-12-25 19:19:10',10,'Follow-up','Completed'),(879,321,54,37,'2025-12-10 04:28:57',40,'Test results discussion','Cancelled'),(880,221,37,35,'2025-11-14 13:31:15',40,'Follow-up','Completed'),(881,391,66,27,'2025-09-17 05:34:48',10,'Medication review','No-show'),(882,552,92,29,'2025-09-25 13:01:49',40,'Follow-up','No-show'),(883,538,90,39,'2025-12-12 00:56:29',30,'New symptoms','Cancelled'),(884,200,34,11,'2025-12-22 16:49:48',20,'Medication review','Cancelled'),(885,249,42,35,'2025-11-11 06:52:44',15,'Annual review','Cancelled'),(886,119,20,27,'2025-10-18 19:21:28',30,'Annual review','Cancelled'),(887,82,14,17,'2025-11-09 08:22:01',40,'Test results discussion','Scheduled'),(888,371,62,16,'2025-12-05 00:19:24',40,'Medication review','No-show'),(889,429,72,12,'2025-10-16 14:46:28',40,'Medication review','Completed'),(890,418,70,30,'2025-12-24 13:09:26',15,'Test results discussion','Cancelled'),(891,294,49,4,'2025-11-07 07:50:23',20,'Follow-up','Scheduled'),(892,419,70,30,'2025-11-22 18:06:26',40,'Medication review','No-show'),(893,203,34,11,'2025-10-06 22:28:04',30,'Follow-up','Completed'),(894,124,21,13,'2025-11-22 06:56:12',20,'Test results discussion','No-show'),(895,104,18,13,'2025-09-26 13:03:25',10,'Annual review','Scheduled'),(896,171,29,25,'2025-09-16 04:16:23',15,'Test results discussion','No-show'),(898,301,51,9,'2025-09-25 02:43:06',20,'New symptoms','Scheduled'),(899,47,8,16,'2025-09-16 07:42:42',20,'Annual review','No-show'),(900,461,77,19,'2025-11-25 14:27:47',20,'Annual review','Completed'),(901,188,32,9,'2025-12-25 11:32:24',40,'Follow-up','Completed'),(902,8,2,18,'2025-12-26 06:09:31',40,'New symptoms','No-show'),(903,389,65,36,'2025-11-03 05:20:38',30,'Medication review','Cancelled'),(904,100,17,28,'2025-10-17 02:25:35',20,'Annual review','Cancelled'),(905,50,9,22,'2025-12-20 13:02:33',40,'Test results discussion','No-show'),(906,293,49,4,'2025-11-03 16:21:26',30,'New symptoms','Completed'),(907,147,25,31,'2025-09-10 03:25:42',15,'Annual review','Cancelled'),(908,589,99,36,'2025-12-30 12:19:58',20,'Follow-up','Cancelled'),(909,292,49,4,'2025-10-04 03:43:01',10,'New symptoms','Cancelled'),(910,499,84,14,'2025-11-26 05:30:01',15,'Medication review','Cancelled'),(912,145,25,31,'2025-09-20 15:16:50',15,'Test results discussion','Completed'),(913,29,5,24,'2025-12-27 04:42:24',10,'Test results discussion','Completed'),(914,7,2,18,'2025-12-05 19:57:00',10,'New symptoms','Completed'),(915,289,49,4,'2025-12-21 21:49:21',30,'Annual review','Completed'),(916,465,78,17,'2025-10-29 06:31:38',10,'Follow-up','No-show'),(917,443,74,19,'2025-12-06 18:44:14',20,'Follow-up','Completed'),(918,286,48,27,'2025-09-24 14:45:18',20,'Follow-up','Completed'),(919,77,13,33,'2025-11-04 12:28:11',15,'Test results discussion','Cancelled'),(920,283,48,27,'2025-11-29 01:17:44',40,'Follow-up','Cancelled'),(921,40,7,7,'2025-11-25 03:41:10',10,'Test results discussion','Cancelled'),(922,195,33,29,'2025-12-19 09:15:43',10,'Follow-up','Completed'),(923,141,24,21,'2025-12-24 20:33:29',30,'Medication review','Completed'),(924,272,46,9,'2025-12-02 06:53:47',15,'Annual review','Completed'),(925,509,85,36,'2025-10-26 21:00:35',15,'Medication review','Scheduled'),(926,529,89,10,'2025-10-13 14:11:36',10,'Annual review','Scheduled'),(927,503,84,14,'2025-12-19 07:14:36',40,'Medication review','Completed'),(928,40,7,7,'2025-11-22 04:45:49',20,'Test results discussion','No-show'),(929,598,100,8,'2025-10-17 13:51:17',20,'Annual review','Completed'),(930,308,52,17,'2025-10-17 00:42:04',20,'Annual review','No-show'),(931,402,67,32,'2025-12-27 02:08:46',20,'Test results discussion','No-show'),(932,303,51,9,'2025-09-20 17:52:38',15,'Follow-up','Cancelled'),(933,430,72,12,'2025-11-27 19:58:36',20,'Medication review','No-show'),(934,119,20,27,'2025-10-06 05:07:32',30,'New symptoms','Scheduled'),(935,356,60,18,'2025-11-18 07:13:50',15,'Annual review','No-show'),(936,422,71,13,'2025-10-17 14:31:37',10,'New symptoms','Cancelled'),(937,520,87,19,'2025-10-13 18:28:02',30,'Follow-up','Cancelled'),(940,498,83,4,'2025-10-14 12:22:21',20,'Follow-up','Cancelled'),(941,459,77,19,'2025-11-20 13:51:36',15,'Test results discussion','Completed'),(942,549,92,29,'2025-10-12 00:57:55',10,'Test results discussion','Cancelled'),(943,133,23,19,'2025-12-28 11:19:24',40,'Follow-up','Scheduled'),(944,389,65,36,'2025-09-19 12:36:29',20,'New symptoms','Scheduled'),(945,51,9,22,'2025-12-11 17:04:46',15,'New symptoms','Completed'),(946,161,27,15,'2025-12-15 00:32:14',30,'Medication review','Cancelled'),(947,166,28,40,'2025-11-13 14:24:24',20,'Annual review','Completed'),(948,567,95,12,'2025-10-20 07:02:36',10,'Follow-up','Scheduled'),(949,540,90,39,'2025-09-21 21:46:52',40,'Annual review','No-show'),(950,44,8,16,'2025-10-02 11:25:08',20,'New symptoms','Scheduled'),(952,387,65,36,'2025-11-18 19:38:05',15,'New symptoms','Scheduled'),(953,79,14,17,'2025-09-16 08:21:12',40,'Annual review','Scheduled'),(954,16,3,11,'2025-12-16 04:29:43',40,'Medication review','Scheduled'),(955,401,67,32,'2025-10-09 17:25:45',40,'New symptoms','Cancelled'),(957,470,79,37,'2025-10-11 08:29:42',10,'New symptoms','No-show'),(958,386,65,36,'2025-10-28 13:16:13',30,'Follow-up','Completed'),(959,417,70,30,'2025-12-19 22:25:55',20,'Annual review','Cancelled'),(960,547,92,29,'2025-12-09 08:53:48',15,'Annual review','Scheduled'),(961,509,85,36,'2025-11-17 10:31:10',20,'Test results discussion','Scheduled'),(962,464,78,17,'2025-10-15 12:11:57',40,'Follow-up','No-show'),(964,319,54,37,'2025-11-05 13:15:41',15,'Follow-up','Scheduled'),(966,86,15,28,'2025-09-29 10:38:53',30,'Test results discussion','No-show'),(967,536,90,39,'2025-12-21 00:43:48',15,'Follow-up','No-show'),(968,259,44,11,'2025-11-20 23:24:00',20,'New symptoms','Completed'),(969,38,7,7,'2025-11-03 10:01:58',40,'Test results discussion','No-show'),(970,6,1,33,'2025-10-24 01:38:44',15,'Test results discussion','No-show'),(972,473,79,37,'2025-12-04 18:55:33',40,'Test results discussion','Scheduled'),(973,108,18,13,'2025-11-23 15:54:54',10,'Annual review','Completed'),(974,14,3,11,'2025-10-03 11:24:31',40,'Follow-up','Completed'),(975,203,34,11,'2025-11-25 23:22:10',10,'Follow-up','No-show'),(976,508,85,36,'2025-10-05 03:37:21',40,'Annual review','Completed'),(978,121,21,13,'2025-11-25 13:28:51',20,'New symptoms','Cancelled'),(979,381,64,23,'2025-12-20 11:32:48',15,'Medication review','Cancelled'),(980,536,90,39,'2025-10-11 16:51:40',40,'New symptoms','Cancelled'),(981,484,81,39,'2025-11-30 21:10:40',15,'New symptoms','Completed'),(982,169,29,25,'2025-12-12 19:46:50',30,'Follow-up','Cancelled'),(983,427,72,12,'2025-10-06 19:15:09',15,'Annual review','Scheduled'),(984,6,1,33,'2025-11-01 13:16:55',15,'Medication review','Scheduled'),(985,551,92,29,'2025-11-30 01:12:03',20,'Follow-up','Scheduled'),(986,480,80,20,'2025-12-26 10:21:30',15,'Follow-up','Cancelled'),(988,282,47,14,'2025-10-27 04:24:36',30,'Test results discussion','Cancelled'),(989,377,63,22,'2025-11-19 07:22:00',20,'Test results discussion','Completed'),(990,80,14,17,'2025-12-26 01:53:54',15,'Follow-up','Completed'),(991,287,48,27,'2025-10-06 15:03:21',20,'Test results discussion','Scheduled'),(992,130,22,40,'2025-12-12 10:10:38',40,'Annual review','Cancelled'),(993,590,99,36,'2025-12-25 23:42:43',40,'New symptoms','No-show'),(994,215,36,5,'2025-10-04 15:23:59',10,'Medication review','Completed'),(995,94,16,33,'2025-12-30 09:45:07',15,'Medication review','Completed'),(996,487,82,29,'2025-09-02 01:09:01',20,'Follow-up','Scheduled'),(997,141,24,21,'2025-12-10 08:43:09',30,'Annual review','No-show'),(998,335,56,20,'2025-10-30 18:01:26',40,'Follow-up','Completed');
/*!40000 ALTER TABLE `Appointment` ENABLE KEYS */;
UNLOCK TABLES;

--
-- Table structure for table `Disease`
--

DROP TABLE IF EXISTS `Disease`;
/*!40101 SET @saved_cs_client     = @@character_set_client */;
/*!50503 SET character_set_client = utf8mb4 */;
CREATE TABLE `Disease` (
  `disease_id` int NOT NULL AUTO_INCREMENT,
  `name` varchar(150) NOT NULL,
  `description` text,
  `icd10_code` varchar(10) DEFAULT NULL,
  PRIMARY KEY (`disease_id`),
  UNIQUE KEY `name` (`name`)
) ENGINE=InnoDB AUTO_INCREMENT=16 DEFAULT CHARSET=utf8mb4 COLLATE=utf8mb4_0900_ai_ci;
/*!40101 SET character_set_client = @saved_cs_client */;

--
-- Dumping data for table `Disease`
--

LOCK TABLES `Disease` WRITE;
/*!40000 ALTER TABLE `Disease` DISABLE KEYS */;
INSERT INTO `Disease` VALUES (1,'Hypertension','Elevated blood pressure','I10'),(2,'Type 2 diabetes mellitus','Disorder of glucose metabolism','E11'),(3,'Ischaemic heart disease','Coronary artery disease','I25'),(4,'Asthma','Reversible airway obstruction','J45'),(5,'COPD','Chronic obstructive pulmonary disease','J44'),(6,'Chronic kidney disease','Impaired kidney function','N18'),(7,'Heart failure','Impaired cardiac pump function','I50'),(8,'Depression','Mood disorder','F32'),(9,'Anxiety disorder','Anxiety-related condition','F41'),(10,'Osteoarthritis','Degenerative joint disease','M19'),(11,'Rheumatoid arthritis','Inflammatory arthritis','M06'),(12,'Hyperlipidaemia','Raised cholesterol or triglycerides','E78'),(13,'Chronic liver disease','Progressive liver damage','K76'),(14,'Hypothyroidism','Underactive thyroid gland','E03'),(15,'Migraine','Recurrent headache disorder','G43');
/*!40000 ALTER TABLE `Disease` ENABLE KEYS */;
UNLOCK TABLES;

--
-- Table structure for table `DiseaseSpecialist`
--

DROP TABLE IF EXISTS `DiseaseSpecialist`;
/*!40101 SET @saved_cs_client     = @@character_set_client */;
/*!50503 SET character_set_client = utf8mb4 */;
CREATE TABLE `DiseaseSpecialist` (
  `disease_specialist_id` int NOT NULL AUTO_INCREMENT,
  `disease_id` int NOT NULL,
  `doctor_id` int NOT NULL,
  PRIMARY KEY (`disease_specialist_id`),
  UNIQUE KEY `disease_id` (`disease_id`,`doctor_id`),
  KEY `doctor_id` (`doctor_id`),
  CONSTRAINT `diseasespecialist_ibfk_1` FOREIGN KEY (`disease_id`) REFERENCES `Disease` (`disease_id`) ON DELETE CASCADE ON UPDATE CASCADE,
  CONSTRAINT `diseasespecialist_ibfk_2` FOREIGN KEY (`doctor_id`) REFERENCES `Doctor` (`doctor_id`) ON DELETE CASCADE ON UPDATE CASCADE
) ENGINE=InnoDB AUTO_INCREMENT=59 DEFAULT CHARSET=utf8mb4 COLLATE=utf8mb4_0900_ai_ci;
/*!40101 SET character_set_client = @saved_cs_client */;

--
-- Dumping data for table `DiseaseSpecialist`
--

LOCK TABLES `DiseaseSpecialist` WRITE;
/*!40000 ALTER TABLE `DiseaseSpecialist` DISABLE KEYS */;
INSERT INTO `DiseaseSpecialist` VALUES (1,1,2),(2,1,83),(5,2,64),(3,2,65),(6,3,10),(8,3,63),(7,3,97),(12,4,7),(9,4,31),(11,4,36),(10,4,43),(15,5,49),(13,5,71),(14,5,83),(17,6,11),(16,6,31),(19,6,57),(18,6,59),(20,6,74),(21,7,12),(25,7,16),(24,7,41),(23,7,58),(22,7,64),(28,8,3),(29,8,14),(30,8,52),(27,8,84),(34,9,1),(31,9,5),(35,9,12),(33,9,71),(32,9,72),(38,10,27),(36,10,66),(37,10,72),(39,10,84),(42,11,7),(43,11,29),(40,11,44),(41,11,47),(44,11,59),(45,12,72),(48,12,77),(47,12,80),(46,12,99),(53,13,15),(51,13,47),(52,13,58),(50,13,85),(49,13,92),(55,14,85),(54,14,98),(56,15,1),(57,15,44),(58,15,46);
/*!40000 ALTER TABLE `DiseaseSpecialist` ENABLE KEYS */;
UNLOCK TABLES;

--
-- Table structure for table `DiseaseTreatment`
--

DROP TABLE IF EXISTS `DiseaseTreatment`;
/*!40101 SET @saved_cs_client     = @@character_set_client */;
/*!50503 SET character_set_client = utf8mb4 */;
CREATE TABLE `DiseaseTreatment` (
  `disease_treatment_id` int NOT NULL AUTO_INCREMENT,
  `disease_id` int NOT NULL,
  `medication_id` int NOT NULL,
  PRIMARY KEY (`disease_treatment_id`),
  UNIQUE KEY `disease_id` (`disease_id`,`medication_id`),
  KEY `medication_id` (`medication_id`),
  CONSTRAINT `diseasetreatment_ibfk_1` FOREIGN KEY (`disease_id`) REFERENCES `Disease` (`disease_id`) ON DELETE CASCADE ON UPDATE CASCADE,
  CONSTRAINT `diseasetreatment_ibfk_2` FOREIGN KEY (`medication_id`) REFERENCES `Medication` (`medication_id`) ON DELETE CASCADE ON UPDATE CASCADE
) ENGINE=InnoDB AUTO_INCREMENT=34 DEFAULT CHARSET=utf8mb4 COLLATE=utf8mb4_0900_ai_ci;
/*!40101 SET character_set_client = @saved_cs_client */;

--
-- Dumping data for table `DiseaseTreatment`
--

LOCK TABLES `DiseaseTreatment` WRITE;
/*!40000 ALTER TABLE `DiseaseTreatment` DISABLE KEYS */;
INSERT INTO `DiseaseTreatment` VALUES (3,1,11),(2,1,27),(1,1,31),(4,2,9),(5,3,4),(7,3,7),(6,3,11),(9,4,31),(8,4,38),(11,5,12),(10,5,29),(12,5,40),(13,6,23),(14,6,40),(15,7,9),(17,8,8),(16,8,32),(19,9,3),(18,9,29),(20,10,17),(22,11,1),(21,11,21),(23,11,34),(25,12,15),(26,12,22),(24,12,37),(29,13,7),(27,13,34),(28,13,40),(30,14,16),(31,14,31),(33,15,10),(32,15,25);
/*!40000 ALTER TABLE `DiseaseTreatment` ENABLE KEYS */;
UNLOCK TABLES;

--
-- Table structure for table `Doctor`
--

DROP TABLE IF EXISTS `Doctor`;
/*!40101 SET @saved_cs_client     = @@character_set_client */;
/*!50503 SET character_set_client = utf8mb4 */;
CREATE TABLE `Doctor` (
  `doctor_id` int NOT NULL AUTO_INCREMENT,
  `hospital_id` int NOT NULL,
  `first_name` varchar(100) NOT NULL,
  `last_name` varchar(100) NOT NULL,
  `date_of_birth` date NOT NULL,
  `address` varchar(255) NOT NULL,
  PRIMARY KEY (`doctor_id`),
  KEY `hospital_id` (`hospital_id`),
  CONSTRAINT `doctor_ibfk_1` FOREIGN KEY (`hospital_id`) REFERENCES `Hospital` (`hospital_id`) ON DELETE CASCADE ON UPDATE CASCADE
) ENGINE=InnoDB AUTO_INCREMENT=101 DEFAULT CHARSET=utf8mb4 COLLATE=utf8mb4_0900_ai_ci;
/*!40101 SET character_set_client = @saved_cs_client */;

--
-- Dumping data for table `Doctor`
--

LOCK TABLES `Doctor` WRITE;
/*!40000 ALTER TABLE `Doctor` DISABLE KEYS */;
INSERT INTO `Doctor` VALUES (1,33,'Isabella','Moore','1962-04-12','109 Queen Street, Talaton, UK'),(2,18,'Noah','Smith','1974-12-17','68 North Street, Talaton, UK'),(3,11,'Imogen','Bell','1984-09-29','144 Sycamore Road, Uplyme, UK'),(4,1,'Henry','Johnson','1990-12-30','10 The Avenue, Woodbury, UK'),(5,24,'Ruby','Wilkinson','1966-08-23','11 College Road, Alphington, UK'),(6,20,'Roman','Davies','1976-01-19','64 Mill Road, Monkton, UK'),(7,7,'Jaxon','Foster','1978-03-25','40 Market Street, Colyford, UK'),(8,16,'Alexander','Clarke','1978-06-30','189 Church Road, Shillingford Abbot, UK'),(9,22,'Emily','Graham','1992-12-21','41 Elm Road, Kentisbeare, UK'),(10,7,'Rory','Taylor','1981-02-10','118 Bridge Street, Copplestone, UK'),(11,23,'Dylan','Hill','1969-12-31','50 Church Road, Dalwood, UK'),(12,26,'Hugo','King','1963-02-11','165 Maple Avenue, Honiton, UK'),(13,33,'Isla','Holt','1984-01-20','30 Grosvenor Road, Starcross, UK'),(14,17,'Edward','Gray','1971-11-28','153 Church Street, Broadclyst, UK'),(15,28,'Louis','Owen','1995-04-11','156 George Street, Lyme Regis, UK'),(16,33,'Henry','Griffiths','1985-11-11','12 The Close, Killerton, UK'),(17,28,'Oliver','Ellis','1984-02-25','190 New Street, Whitford, UK'),(18,13,'Roman','Collins','1963-02-20','160 Short Street, Whimple, UK'),(19,21,'Aria','White','1992-04-14','80 Richmond Road, Clyst St George, UK'),(20,27,'Reuben','Kelly','1991-04-11','33 Clarence Road, Woodbury Salterton, UK'),(21,13,'Ava','Graham','1977-01-02','45 Old Road, Colyford, UK'),(22,40,'Elsie','Morgan','1978-03-20','78 St Johns Road, Exeter, UK'),(23,19,'Arthur','Collins','1995-03-31','168 Prospect Road, Awliscombe, UK'),(24,21,'Lily','Bell','1979-11-01','131 Old Road, Bow, UK'),(25,31,'Imogen','Harris','1989-07-21','132 Park Avenue, Uffculme, UK'),(26,40,'Hugo','Robinson','1993-09-10','80 Chapel Street, Upottery, UK'),(27,15,'Daniel','Green','1961-02-04','122 Park Road, Silverton, UK'),(28,40,'Oscar','Murphy','1978-08-04','50 Market Road, Otterton, UK'),(29,25,'Charlotte','Kelly','1970-12-11','177 East Street, Kilmington, UK'),(30,1,'Ivy','Black','1964-10-12','46 Park Lane, North Tawton, UK'),(31,34,'Lily','Wilson','1985-01-01','117 Elm Road, Heavitree, UK'),(32,9,'Lily','Graham','1983-10-29','82 St Marys Road, Honiton, UK'),(33,29,'Rosie','Berry','1982-08-23','115 Park Lane, Woodbury Salterton, UK'),(34,11,'Elizabeth','Cox','1980-03-09','64 Cedar Road, Farway, UK'),(35,18,'Alice','Khan','1988-02-11','113 Chapel Street, Willand, UK'),(36,5,'Luna','Baker','1970-07-08','82 Birch Road, Whimple, UK'),(37,35,'William','Hughes','1966-10-07','178 School Lane, Sidbury, UK'),(38,10,'Eleanor','Martin','1962-11-18','85 Church Lane, Beer, UK'),(39,35,'Lily','Carter','1962-10-17','100 Mill Road, Axminster, UK'),(41,1,'Jaxon','Morgan','1993-10-18','138 Meadow Lane, Axminster, UK'),(42,35,'Chloe','Cooper','1981-11-25','112 Bridge Street, Kentisbeare, UK'),(43,32,'Jack','Griffiths','1975-01-29','104 Short Street, Upottery, UK'),(44,11,'Lily','Edwards','1987-11-30','101 West Road, Starcross, UK'),(46,9,'Lily','Patel','1962-04-03','84 Cedar Road, Sidmouth, UK'),(47,14,'Ella','Scott','1975-02-20','72 Summerhill Road, Sidmouth, UK'),(48,27,'Benjamin','Roberts','1981-02-04','139 Main Road, Colyford, UK'),(49,4,'Louis','Cooper','1989-02-28','11 Green Lane, Kilmington, UK'),(50,2,'Harrison','Wood','1960-11-29','62 Market Street, Kenton, UK'),(51,9,'Evie','Graham','1965-02-17','120 St Marks Road, Bow, UK'),(52,17,'Toby','Harris','1987-03-06','184 Riverside, Colyford, UK'),(53,8,'Alexander','Allen','1964-11-06','80 Prospect Road, Starcross, UK'),(54,37,'Zara','Young','1977-10-16','20 Firs Avenue, Copplestone, UK'),(56,20,'Thea','Stevens','1965-06-06','89 St Marks Road, Teignmouth, UK'),(57,35,'Grace','Lloyd','1976-08-15','166 Green Lane, Clyst St George, UK'),(58,22,'George','Carter','1981-12-27','93 Kingsway, Lyme Regis, UK'),(59,30,'Eleanor','Hall','1979-07-15','134 The Green, Shute, UK'),(60,18,'Rosie','Singh','1994-09-30','112 Willow Road, Rewe, UK'),(62,16,'Ivy','Miller','1985-07-24','98 River Street, Stockland, UK'),(63,22,'Jack','Marshall','1974-07-31','55 The Grove, Huxham, UK'),(64,23,'Mason','Watson','1972-07-17','71 Valley Road, Branscombe, UK'),(65,36,'George','Ellis','1968-07-27','185 Park Avenue, Bickleigh, UK'),(66,27,'Isabella','Foster','1994-01-03','122 Chapel Street, Weston, UK'),(67,32,'Poppy','Williams','1964-03-04','104 Clarence Road, North Tawton, UK'),(68,16,'Dylan','Lloyd','1986-02-01','142 Broad Lane, Brampford Speke, UK'),(69,34,'Louis','Shaw','1993-06-17','91 St Johns Road, Whimple, UK'),(70,30,'Finley','Allen','1971-04-11','185 School Lane, Heavitree, UK'),(71,13,'Zachary','White','1993-04-28','177 West Road, Gittisham, UK'),(72,12,'Max','Martin','1993-02-17','186 Willow Road, Willand, UK'),(74,19,'Logan','Price','1968-01-18','182 Richmond Road, Topsham, UK'),(75,35,'Freddie','King','1962-01-15','75 London Road, Woodbury Salterton, UK'),(76,9,'Millie','Holmes','1982-01-07','147 Kingsway, Topsham, UK'),(77,19,'Evie','Richards','1979-10-04','14 Broadway, Tedburn St Mary, UK'),(78,17,'Jessica','Walker','1962-12-06','19 Hill Road, Huxham, UK'),(79,37,'Maya','Jenkins','1962-05-28','145 The Avenue, Kenton, UK'),(80,20,'William','Morris','1965-04-24','107 St Marys Road, Gittisham, UK'),(81,39,'Emma','Matthews','1970-02-14','116 South Road, Sidmouth, UK'),(82,29,'Teddy','Rose','1979-03-27','159 Albert Road, East Budleigh, UK'),(83,4,'Rosie','Spencer','1964-06-13','161 Summerhill Road, Morchard Bishop, UK'),(84,14,'Mason','Lloyd','1963-08-23','45 The Crescent, Bickleigh, UK'),(85,36,'Oscar','Lewis','1960-02-13','177 Hill Street, Burlescombe, UK'),(86,39,'Evie','Harrison','1961-06-18','181 School Lane, Uffculme, UK'),(87,19,'Heidi','Murphy','1963-03-12','68 New Street, Thorverton, UK'),(89,10,'Finley','Green','1963-03-15','79 Victoria Road, Shillingford St George, UK'),(90,39,'Elizabeth','Chapman','1972-12-11','120 Manor Lane, Heavitree, UK'),(91,20,'Heidi','Kelly','1972-03-18','127 Fairfield Road, Woodbury, UK'),(92,29,'William','Stevens','1961-10-15','83 College Road, Musbury, UK'),(93,39,'Benjamin','Brown','1964-02-05','148 School Lane, Upottery, UK'),(95,12,'Evie','Ellis','1989-03-23','47 Manor Lane, Willand, UK'),(97,27,'Hugo','Scott','1990-01-22','85 Kingsway, Mamhead, UK'),(98,27,'Annabelle','Marshall','1972-12-05','195 Long Lane, Colyton, UK'),(99,36,'Jacob','Murphy','1963-12-13','83 George Street, Killerton, UK'),(100,8,'Isla','Simpson','1960-01-19','119 Long Lane, Woodbury, UK');
/*!40000 ALTER TABLE `Doctor` ENABLE KEYS */;
UNLOCK TABLES;

--
-- Table structure for table `Hospital`
--

DROP TABLE IF EXISTS `Hospital`;
/*!40101 SET @saved_cs_client     = @@character_set_client */;
/*!50503 SET character_set_client = utf8mb4 */;
CREATE TABLE `Hospital` (
  `hospital_id` int NOT NULL AUTO_INCREMENT,
  `name` varchar(150) NOT NULL,
  `address` varchar(255) NOT NULL,
  `beds` int NOT NULL,
  `accreditation_date` date NOT NULL,
  `has_emergency_department` tinyint(1) NOT NULL,
  `is_teaching_hospital` tinyint(1) NOT NULL,
  PRIMARY KEY (`hospital_id`),
  UNIQUE KEY `name` (`name`),
  CONSTRAINT `hospital_chk_1` CHECK ((`beds` > 0))
) ENGINE=InnoDB AUTO_INCREMENT=41 DEFAULT CHARSET=utf8mb4 COLLATE=utf8mb4_0900_ai_ci;
/*!40101 SET character_set_client = @saved_cs_client */;

--
-- Dumping data for table `Hospital`
--

LOCK TABLES `Hospital` WRITE;
/*!40000 ALTER TABLE `Hospital` DISABLE KEYS */;
INSERT INTO `Hospital` VALUES (1,'Talaton Clinic','71 Church Road, Musbury, UK',350,'2007-03-13',0,0),(2,'Harberton Urgent Care Centre','24 Church Street, Starcross, UK',323,'2007-09-16',0,0),(3,'Rousdon Veterans Hospital','108 Hawthorn Road, Woodbury, UK',325,'2014-10-29',1,0),(4,'Gittisham Cardiac Centre','109 The Crescent, Branscombe, UK',448,'2008-03-20',0,1),(5,'Broadclyst Specialist Hospital','92 Windmill Lane, Cranbrook, UK',452,'2019-05-16',0,1),(6,'Lympstone Clinic','142 Windmill Lane, Christow, UK',400,'2020-11-12',1,0),(7,'Salcombe Regis Specialist Hospital','59 Park Road, Dalwood, UK',396,'2002-04-30',0,1),(8,'Willand Outpatient Facility','42 Harbour Road, West Hill, UK',479,'2011-04-18',1,0),(9,'Awliscombe Veterans Hospital','187 The Drive, Lympstone, UK',350,'2005-08-25',1,1),(10,'Talaton Veterinary Hospital','176 St Marys Road, North Tawton, UK',432,'2024-01-29',0,0),(11,'Bradninch Rehabilitation Centre','55 Birch Road, Kingsteignton, UK',680,'2022-06-11',0,1),(12,'Seaton Veterans Hospital','68 Lime Grove, Kennford, UK',242,'2007-10-15',1,1),(13,'Newton Poppleford Rehabilitation Centre','36 Upper Street, North Tawton, UK',621,'2015-02-16',0,0),(14,'Kenton Veterans Hospital','109 The Crescent, Monkton, UK',710,'2002-07-17',1,1),(15,'Exton Secure Facility','175 St Johns Road, Topsham, UK',217,'2021-10-02',1,1),(16,'Pinhoe Correctional Healthcare Institute','117 College Road, Mamhead, UK',103,'2023-05-15',0,0),(17,'Broadhembury Correctional Healthcare Institute','156 Harbour Road, Clyst St George, UK',303,'2004-07-10',0,0),(18,'Honiton Chiropractic Hospital','29 Holly Road, Exminster, UK',471,'2025-06-07',0,0),(19,'Bickleigh Pediatric Hospital','188 Park Avenue, Christow, UK',597,'2002-09-30',0,0),(20,'Dalwood Diagnostic Centre','68 St Johns Road, Shillingford St George, UK',640,'2019-08-05',0,0),(21,'Rousdon Correctional Healthcare Institute','167 Hill Road, Stockland, UK',482,'2014-09-22',1,0),(22,'Silverton Sanitorium','6 Green Lane, Rockbeare, UK',702,'2017-04-28',0,0),(23,'Chudleigh Veterinary Hospital','59 Market Road, Newton Abbot, UK',169,'2001-06-19',0,0),(24,'Willand Military Hospital','139 Holly Road, Bow, UK',235,'2023-10-20',1,0),(25,'Brampford Speke Cardiac Centre','25 Hill Street, Crediton, UK',199,'2021-08-09',1,1),(26,'Beer Outpatient Facility','173 Acacia Avenue, Bishopsteignton, UK',769,'2020-02-20',0,1),(27,'Shute Chiropractic Hospital','50 Kingsway, Silverton, UK',294,'2017-08-18',0,1),(28,'Tedburn St Mary Secure Facility','20 Beech Road, Silverton, UK',553,'2025-10-09',0,0),(29,'Kilmington Maternity Hospital','193 Station Road, Cheriton Bishop, UK',342,'2005-07-28',1,1),(30,'Bow Electroconvulsive Therapy Centre','43 Hill Road, Newton Abbot, UK',488,'2000-07-18',1,1),(31,'Uffculme Urgent Care Centre','143 Hawthorn Road, Shute, UK',777,'2022-09-07',0,0),(32,'Tiverton Infirmary','189 Victoria Road, Newton Poppleford, UK',655,'2001-06-10',0,0),(33,'Newton Poppleford Diagnostic Centre','41 Fairfield Road, Exton, UK',158,'2016-02-11',0,0),(34,'Honiton Specialist Hospital','104 Old Road, Bickleigh, UK',222,'2018-05-07',0,0),(35,'Axminster Military Hospital','134 Prospect Road, East Budleigh, UK',423,'2008-04-14',1,0),(36,'Cullompton Rehabilitation Centre','166 North Street, Stockland, UK',407,'2014-06-11',0,0),(37,'Stoke Canon Psychiatric Hospital','19 St Marks Road, Cranbrook, UK',650,'2006-09-17',1,0),(39,'Stockland Cancer Centre','170 St Johns Road, Halberton, UK',206,'2004-05-15',0,0),(40,'Colyford Maternity Hospital','73 The Avenue, Kentisbeare, UK',719,'2006-06-25',0,1);
/*!40000 ALTER TABLE `Hospital` ENABLE KEYS */;
UNLOCK TABLES;

--
-- Table structure for table `LabResult`
--

DROP TABLE IF EXISTS `LabResult`;
/*!40101 SET @saved_cs_client     = @@character_set_client */;
/*!50503 SET character_set_client = utf8mb4 */;
CREATE TABLE `LabResult` (
  `lab_result_id` int NOT NULL AUTO_INCREMENT,
  `lab_test_id` int NOT NULL,
  `patient_id` int NOT NULL,
  `doctor_id` int NOT NULL,
  `requested_date` date NOT NULL,
  `result_date` date DEFAULT NULL,
  `result_value` varchar(150) DEFAULT NULL,
  `is_normal` tinyint(1) DEFAULT NULL,
  `notes` text,
  PRIMARY KEY (`lab_result_id`),
  KEY `lab_test_id` (`lab_test_id`),
  KEY `patient_id` (`patient_id`),
  KEY `doctor_id` (`doctor_id`),
  CONSTRAINT `labresult_ibfk_1` FOREIGN KEY (`lab_test_id`) REFERENCES `LabTest` (`lab_test_id`) ON DELETE CASCADE ON UPDATE CASCADE,
  CONSTRAINT `labresult_ibfk_2` FOREIGN KEY (`patient_id`) REFERENCES `Patient` (`patient_id`) ON DELETE CASCADE ON UPDATE CASCADE,
  CONSTRAINT `labresult_ibfk_3` FOREIGN KEY (`doctor_id`) REFERENCES `Doctor` (`doctor_id`) ON DELETE CASCADE ON UPDATE CASCADE
) ENGINE=InnoDB AUTO_INCREMENT=801 DEFAULT CHARSET=utf8mb4 COLLATE=utf8mb4_0900_ai_ci;
/*!40101 SET character_set_client = @saved_cs_client */;

--
-- Dumping data for table `LabResult`
--

LOCK TABLES `LabResult` WRITE;
/*!40000 ALTER TABLE `LabResult` DISABLE KEYS */;
INSERT INTO `LabResult` VALUES (1,15,220,22,'2024-02-22','2024-02-26','142.3',1,'Clinical correlation advised'),(2,8,502,89,'2025-03-20','2025-03-21','111.6',1,'Significantly abnormal'),(3,3,26,47,'2024-08-11','2024-08-16','145.7',0,'Clinical correlation advised'),(4,9,196,49,'2024-11-13','2024-11-15','186.6',0,'Slightly elevated'),(5,8,370,68,'2025-05-16','2025-05-16','117.3',1,'Within normal range'),(6,15,378,33,'2024-07-05','2024-07-05','121.4',0,'Significantly abnormal'),(7,11,491,51,'2025-10-18','2025-10-22','54.9',0,'Clinical correlation advised'),(8,14,32,92,'2024-08-06','2024-08-13','98.1',1,'Clinical correlation advised'),(9,13,107,5,'2024-11-18','2024-11-18','122.6',0,'Slightly elevated'),(10,14,135,11,'2024-09-28','2024-09-29','11.3',0,'Significantly abnormal'),(11,2,558,36,'2025-05-17','2025-05-17','66.6',1,'Slightly elevated'),(12,15,376,67,'2025-11-17','2025-11-23','83.3',0,'Within normal range'),(13,4,514,19,'2025-03-03','2025-03-04','34.6',0,'Significantly abnormal'),(14,10,204,89,'2024-07-02','2024-07-08','34.7',0,'Significantly abnormal'),(16,15,475,12,'2025-08-04','2025-08-05','36.6',0,'Slightly elevated'),(17,6,21,99,'2025-06-11','2025-06-11','43.6',1,'Repeat test recommended'),(19,1,389,91,'2025-02-11','2025-02-13','55.9',1,'Repeat test recommended'),(20,4,193,35,'2025-05-11','2025-05-13','195.9',1,'Repeat test recommended'),(21,5,95,63,'2024-12-03','2024-12-08','69.8',1,'Slightly elevated'),(22,1,600,50,'2025-06-25','2025-06-28','198.8',1,'Significantly abnormal'),(23,11,296,27,'2024-12-16','2024-12-20','18.2',0,'Significantly abnormal'),(24,4,479,34,'2025-10-30','2025-10-31','103.5',0,'Repeat test recommended'),(25,3,479,76,'2025-01-05','2025-01-10','112.8',0,'Significantly abnormal'),(26,12,108,81,'2024-11-29','2024-11-29','31.8',1,'Significantly abnormal'),(27,6,103,24,'2024-11-30','2024-12-04','32.6',0,'Within normal range'),(28,8,468,76,'2024-04-21','2024-04-27','146.2',1,'Slightly elevated'),(29,5,383,77,'2024-12-21','2024-12-28','135.7',1,'Within normal range'),(31,7,30,21,'2024-06-25','2024-06-27','184.5',0,'Clinical correlation advised'),(32,13,143,17,'2024-01-22','2024-01-27','157.7',0,'Within normal range'),(34,4,177,39,'2025-01-21','2025-01-22','37.0',0,'Repeat test recommended'),(35,2,251,20,'2023-12-31','2024-01-05','1.1',0,'Significantly abnormal'),(36,2,483,71,'2023-12-29','2024-01-04','139.8',1,'Repeat test recommended'),(37,14,475,91,'2025-03-28','2025-03-29','77.6',1,'Slightly elevated'),(38,7,335,37,'2024-01-11','2024-01-17','119.4',0,'Significantly abnormal'),(39,8,28,29,'2024-03-18','2024-03-20','153.6',1,'Significantly abnormal'),(40,6,514,1,'2024-03-16','2024-03-22','182.9',0,'Slightly elevated'),(41,8,193,6,'2025-04-29','2025-05-03','87.1',1,'Repeat test recommended'),(43,5,432,23,'2025-06-17','2025-06-23','136.5',0,'Repeat test recommended'),(47,13,462,65,'2024-11-15','2024-11-22','142.4',1,'Within normal range'),(49,1,346,91,'2024-04-06','2024-04-10','39.6',1,'Repeat test recommended'),(50,1,476,37,'2025-10-22','2025-10-23','173.6',1,'Significantly abnormal'),(51,1,379,33,'2024-09-22','2024-09-27','135.0',0,'Clinical correlation advised'),(52,5,184,38,'2024-12-01','2024-12-07','3.6',1,'Significantly abnormal'),(53,11,37,77,'2025-08-09','2025-08-14','146.4',1,'Slightly elevated'),(54,3,87,69,'2025-08-27','2025-08-29','145.4',1,'Repeat test recommended'),(56,2,335,48,'2025-10-23','2025-10-25','121.9',0,'Repeat test recommended'),(57,9,81,44,'2024-02-18','2024-02-22','84.6',0,'Slightly elevated'),(58,12,264,93,'2024-02-02','2024-02-03','167.4',1,'Within normal range'),(59,13,197,74,'2025-03-09','2025-03-13','123.2',0,'Within normal range'),(61,9,47,78,'2024-10-19','2024-10-21','135.7',1,'Within normal range'),(62,7,213,3,'2024-10-03','2024-10-05','55.0',1,'Clinical correlation advised'),(65,7,488,72,'2025-11-19','2025-11-24','68.2',1,'Repeat test recommended'),(67,5,413,5,'2024-01-25','2024-01-26','126.3',1,'Within normal range'),(68,4,543,48,'2025-01-24','2025-01-28','150.2',1,'Repeat test recommended'),(69,1,160,80,'2024-04-12','2024-04-14','124.9',1,'Repeat test recommended'),(70,13,24,97,'2025-02-14','2025-02-21','197.9',1,'Clinical correlation advised'),(71,3,388,78,'2025-07-28','2025-07-29','79.2',0,'Within normal range'),(72,10,297,23,'2025-06-22','2025-06-28','110.1',1,'Slightly elevated'),(73,7,286,41,'2024-11-25','2024-11-26','132.9',1,'Clinical correlation advised'),(74,9,546,51,'2025-04-15','2025-04-21','99.0',1,'Significantly abnormal'),(75,14,461,21,'2025-06-03','2025-06-09','57.8',1,'Repeat test recommended'),(77,7,194,82,'2025-11-02','2025-11-05','27.8',0,'Clinical correlation advised'),(78,10,419,3,'2025-01-03','2025-01-06','33.4',1,'Within normal range'),(80,8,378,93,'2025-03-31','2025-04-02','94.5',0,'Significantly abnormal'),(81,3,301,9,'2025-10-31','2025-11-03','115.6',1,'Slightly elevated'),(82,11,455,31,'2025-06-03','2025-06-10','100.1',0,'Clinical correlation advised'),(83,14,340,21,'2025-03-26','2025-04-02','144.4',0,'Within normal range'),(85,2,428,34,'2024-05-30','2024-05-31','143.2',0,'Repeat test recommended'),(86,8,62,38,'2024-10-20','2024-10-20','72.7',1,'Repeat test recommended'),(87,13,128,14,'2025-07-05','2025-07-09','151.6',0,'Slightly elevated'),(88,6,423,85,'2024-12-19','2024-12-21','182.6',1,'Slightly elevated'),(89,5,100,43,'2024-02-13','2024-02-14','91.7',1,'Slightly elevated'),(91,10,282,77,'2025-10-26','2025-10-28','29.7',1,'Within normal range'),(94,3,300,50,'2025-03-13','2025-03-16','5.7',0,'Clinical correlation advised'),(95,5,152,75,'2025-11-19','2025-11-23','72.9',1,'Repeat test recommended'),(97,6,388,63,'2024-02-07','2024-02-09','174.2',1,'Slightly elevated'),(98,8,389,2,'2024-01-17','2024-01-18','68.5',1,'Slightly elevated'),(99,4,154,36,'2024-03-18','2024-03-19','130.0',1,'Repeat test recommended'),(100,8,584,82,'2025-11-19','2025-11-22','148.3',1,'Within normal range'),(101,7,102,43,'2024-06-30','2024-07-01','54.4',0,'Within normal range'),(102,8,581,67,'2025-03-23','2025-03-26','51.3',0,'Slightly elevated'),(103,4,468,23,'2025-10-21','2025-10-25','110.4',0,'Slightly elevated'),(104,12,66,17,'2024-06-14','2024-06-18','12.3',0,'Slightly elevated'),(105,10,596,62,'2024-08-13','2024-08-14','107.4',0,'Significantly abnormal'),(106,13,75,26,'2024-07-30','2024-07-31','88.4',1,'Slightly elevated'),(107,2,556,76,'2025-04-25','2025-05-02','60.1',0,'Clinical correlation advised'),(108,7,115,93,'2024-09-04','2024-09-07','117.8',1,'Within normal range'),(109,5,417,77,'2025-02-27','2025-03-06','126.3',1,'Clinical correlation advised'),(113,11,312,13,'2024-09-04','2024-09-09','127.6',0,'Slightly elevated'),(114,13,112,98,'2025-04-08','2025-04-11','61.5',1,'Significantly abnormal'),(116,11,159,42,'2025-06-24','2025-06-27','153.3',0,'Slightly elevated'),(117,10,161,42,'2024-06-21','2024-06-28','130.7',1,'Significantly abnormal'),(119,14,323,58,'2025-01-20','2025-01-26','112.7',1,'Within normal range'),(120,13,414,8,'2024-10-09','2024-10-14','129.2',0,'Repeat test recommended'),(121,13,281,3,'2023-12-11','2023-12-14','41.8',1,'Significantly abnormal'),(122,14,383,4,'2025-01-06','2025-01-12','158.2',1,'Clinical correlation advised'),(123,9,205,28,'2024-03-09','2024-03-16','171.3',0,'Within normal range'),(124,4,165,42,'2024-07-28','2024-08-04','190.4',0,'Repeat test recommended'),(125,12,499,32,'2025-02-18','2025-02-24','12.0',0,'Significantly abnormal'),(126,5,551,48,'2024-09-09','2024-09-13','22.3',0,'Within normal range'),(127,6,424,20,'2025-06-30','2025-07-04','114.9',0,'Repeat test recommended'),(128,4,336,74,'2024-05-21','2024-05-25','111.4',1,'Within normal range'),(129,3,70,90,'2023-12-04','2023-12-09','191.4',1,'Repeat test recommended'),(130,12,220,24,'2025-01-07','2025-01-14','45.6',1,'Significantly abnormal'),(132,7,499,7,'2024-06-08','2024-06-08','182.6',1,'Within normal range'),(133,10,448,5,'2024-07-03','2024-07-08','158.0',1,'Significantly abnormal'),(134,10,342,82,'2025-09-24','2025-09-25','113.1',0,'Clinical correlation advised'),(136,13,442,36,'2024-08-12','2024-08-19','177.9',0,'Significantly abnormal'),(137,2,187,83,'2024-04-21','2024-04-26','90.9',1,'Within normal range'),(138,7,589,38,'2025-11-25','2025-12-01','3.9',0,'Significantly abnormal'),(139,7,155,34,'2025-04-17','2025-04-22','106.5',0,'Clinical correlation advised'),(141,5,186,13,'2025-11-05','2025-11-05','155.9',1,'Within normal range'),(142,6,323,30,'2024-01-28','2024-01-31','40.4',0,'Repeat test recommended'),(144,14,385,4,'2024-09-03','2024-09-06','76.1',1,'Repeat test recommended'),(145,7,204,27,'2024-11-07','2024-11-08','18.7',0,'Clinical correlation advised'),(146,15,593,93,'2024-06-21','2024-06-22','32.7',0,'Within normal range'),(148,6,490,33,'2024-06-29','2024-06-30','189.0',0,'Within normal range'),(149,7,431,52,'2025-08-21','2025-08-26','72.1',1,'Within normal range'),(150,7,308,30,'2023-12-14','2023-12-15','130.1',1,'Repeat test recommended'),(152,10,10,17,'2024-06-18','2024-06-20','28.1',1,'Within normal range'),(153,1,215,95,'2024-01-25','2024-01-29','74.4',1,'Slightly elevated'),(154,7,177,23,'2024-06-18','2024-06-20','148.4',0,'Significantly abnormal'),(155,15,113,21,'2025-11-01','2025-11-08','40.9',1,'Significantly abnormal'),(156,15,272,80,'2025-01-07','2025-01-07','156.7',1,'Within normal range'),(157,15,482,5,'2025-07-07','2025-07-13','9.4',1,'Clinical correlation advised'),(158,12,538,22,'2025-06-23','2025-06-24','3.1',0,'Within normal range'),(159,7,68,15,'2024-08-01','2024-08-08','196.7',1,'Slightly elevated'),(161,6,553,47,'2024-03-13','2024-03-14','95.6',0,'Slightly elevated'),(163,5,108,32,'2025-04-14','2025-04-18','37.0',1,'Significantly abnormal'),(164,12,474,86,'2024-04-06','2024-04-10','152.0',0,'Significantly abnormal'),(165,7,384,85,'2025-07-06','2025-07-06','149.6',1,'Within normal range'),(166,13,203,24,'2025-11-17','2025-11-19','127.0',0,'Slightly elevated'),(167,7,331,2,'2024-04-25','2024-05-02','96.8',1,'Slightly elevated'),(168,11,592,52,'2024-08-26','2024-08-29','90.7',1,'Clinical correlation advised'),(170,6,500,99,'2024-05-18','2024-05-25','132.7',1,'Clinical correlation advised'),(171,5,65,47,'2024-09-21','2024-09-21','193.0',0,'Within normal range'),(172,4,469,15,'2025-07-31','2025-08-04','25.3',1,'Significantly abnormal'),(173,8,447,71,'2025-09-08','2025-09-10','79.6',0,'Slightly elevated'),(174,14,228,100,'2025-11-14','2025-11-17','146.7',1,'Clinical correlation advised'),(176,4,544,22,'2024-11-13','2024-11-15','20.1',0,'Clinical correlation advised'),(177,4,156,70,'2024-03-17','2024-03-23','171.7',1,'Within normal range'),(178,7,304,50,'2024-06-15','2024-06-21','178.8',1,'Significantly abnormal'),(179,3,308,1,'2025-09-16','2025-09-20','141.7',1,'Slightly elevated'),(180,15,69,8,'2024-10-07','2024-10-09','28.8',0,'Slightly elevated'),(181,7,164,83,'2024-09-28','2024-10-04','118.3',0,'Significantly abnormal'),(182,2,232,36,'2025-07-11','2025-07-17','24.8',0,'Slightly elevated'),(183,8,146,87,'2025-02-22','2025-02-27','2.3',0,'Clinical correlation advised'),(184,5,537,14,'2024-02-27','2024-03-05','46.5',1,'Significantly abnormal'),(185,14,128,70,'2024-03-17','2024-03-24','30.8',1,'Significantly abnormal'),(186,1,391,33,'2025-08-08','2025-08-15','85.2',0,'Repeat test recommended'),(187,13,299,29,'2024-06-14','2024-06-15','17.8',1,'Slightly elevated'),(188,14,507,90,'2024-09-15','2024-09-21','11.4',0,'Significantly abnormal'),(189,14,283,33,'2024-02-15','2024-02-20','84.0',1,'Significantly abnormal'),(190,2,14,13,'2023-12-02','2023-12-09','48.6',1,'Slightly elevated'),(191,10,445,86,'2025-03-04','2025-03-05','199.5',1,'Clinical correlation advised'),(192,10,580,49,'2024-03-20','2024-03-26','8.5',0,'Clinical correlation advised'),(193,14,101,74,'2025-08-26','2025-08-27','193.3',0,'Significantly abnormal'),(194,10,432,51,'2025-10-22','2025-10-27','129.5',1,'Repeat test recommended'),(195,10,536,5,'2024-10-19','2024-10-25','133.8',0,'Slightly elevated'),(196,10,186,4,'2024-02-25','2024-03-01','19.9',1,'Within normal range'),(197,12,468,33,'2024-11-29','2024-12-04','70.5',0,'Significantly abnormal'),(198,8,49,42,'2024-08-19','2024-08-23','153.7',0,'Slightly elevated'),(200,14,92,43,'2024-12-06','2024-12-09','63.4',1,'Within normal range'),(201,15,93,82,'2024-10-12','2024-10-17','124.4',0,'Repeat test recommended'),(202,4,272,91,'2024-07-22','2024-07-27','67.5',1,'Significantly abnormal'),(203,13,164,22,'2025-01-05','2025-01-05','22.4',1,'Clinical correlation advised'),(205,2,93,92,'2024-03-29','2024-04-04','170.5',0,'Significantly abnormal'),(207,10,85,42,'2025-04-15','2025-04-22','165.2',0,'Clinical correlation advised'),(208,3,281,4,'2024-07-13','2024-07-16','166.7',0,'Slightly elevated'),(209,15,232,57,'2024-02-07','2024-02-10','29.2',1,'Slightly elevated'),(210,1,495,57,'2024-10-03','2024-10-06','82.5',1,'Clinical correlation advised'),(212,6,374,31,'2025-01-08','2025-01-13','15.5',0,'Significantly abnormal'),(213,14,253,69,'2024-04-18','2024-04-20','19.4',1,'Clinical correlation advised'),(214,6,108,78,'2025-04-12','2025-04-17','143.5',0,'Repeat test recommended'),(215,5,589,7,'2024-08-17','2024-08-24','99.5',1,'Within normal range'),(216,3,23,72,'2024-08-29','2024-08-29','179.2',1,'Slightly elevated'),(218,8,442,91,'2025-07-18','2025-07-24','43.1',1,'Significantly abnormal'),(219,9,312,43,'2025-04-07','2025-04-13','28.9',1,'Within normal range'),(220,10,55,92,'2024-11-30','2024-12-01','154.9',0,'Clinical correlation advised'),(221,2,543,53,'2025-06-19','2025-06-22','49.8',0,'Slightly elevated'),(223,12,397,53,'2024-11-06','2024-11-13','27.8',1,'Slightly elevated'),(224,2,319,46,'2025-06-03','2025-06-09','175.8',1,'Within normal range'),(226,8,97,68,'2025-03-13','2025-03-13','175.9',0,'Clinical correlation advised'),(227,1,383,13,'2025-06-12','2025-06-12','192.7',0,'Within normal range'),(229,11,511,24,'2024-06-01','2024-06-04','195.2',0,'Slightly elevated'),(230,10,384,74,'2025-06-03','2025-06-10','141.3',0,'Clinical correlation advised'),(231,3,456,4,'2024-03-04','2024-03-04','187.1',0,'Significantly abnormal'),(232,15,299,14,'2024-12-09','2024-12-11','118.1',0,'Within normal range'),(233,8,198,78,'2025-06-26','2025-07-01','187.6',1,'Repeat test recommended'),(234,2,568,9,'2024-12-20','2024-12-23','73.2',0,'Repeat test recommended'),(235,4,414,6,'2024-11-30','2024-11-30','183.3',1,'Clinical correlation advised'),(236,2,533,12,'2024-01-22','2024-01-27','182.4',1,'Clinical correlation advised'),(237,11,206,37,'2025-01-07','2025-01-09','89.6',0,'Significantly abnormal'),(240,9,43,25,'2025-09-01','2025-09-05','178.4',0,'Significantly abnormal'),(241,12,50,69,'2025-11-03','2025-11-03','193.4',1,'Slightly elevated'),(242,6,551,7,'2024-01-01','2024-01-07','147.7',0,'Clinical correlation advised'),(243,6,46,28,'2025-08-22','2025-08-29','190.0',0,'Significantly abnormal'),(244,2,209,64,'2025-05-04','2025-05-04','9.1',1,'Slightly elevated'),(245,15,120,38,'2025-11-27','2025-11-30','132.0',1,'Slightly elevated'),(246,7,234,48,'2024-10-16','2024-10-16','31.3',0,'Clinical correlation advised'),(248,12,11,54,'2024-10-04','2024-10-10','55.7',0,'Repeat test recommended'),(249,5,11,81,'2023-12-23','2023-12-29','8.5',1,'Slightly elevated'),(250,11,229,10,'2024-02-18','2024-02-19','23.1',1,'Within normal range'),(251,3,550,42,'2025-06-13','2025-06-17','191.1',1,'Significantly abnormal'),(252,9,294,37,'2024-04-27','2024-05-01','21.8',0,'Repeat test recommended'),(253,14,207,12,'2024-05-12','2024-05-19','40.2',0,'Repeat test recommended'),(254,8,112,15,'2025-04-11','2025-04-11','166.6',0,'Within normal range'),(255,13,70,31,'2024-09-11','2024-09-16','87.7',0,'Repeat test recommended'),(256,10,43,85,'2024-07-04','2024-07-07','153.7',1,'Within normal range'),(257,10,15,20,'2024-12-17','2024-12-21','184.4',1,'Repeat test recommended'),(258,4,58,51,'2024-11-07','2024-11-09','189.4',0,'Slightly elevated'),(259,3,200,43,'2024-01-28','2024-02-04','5.2',1,'Within normal range'),(260,14,252,78,'2024-06-08','2024-06-12','111.4',0,'Clinical correlation advised'),(261,6,59,15,'2023-12-31','2024-01-01','82.0',0,'Clinical correlation advised'),(262,12,174,93,'2025-01-06','2025-01-11','7.8',0,'Slightly elevated'),(263,1,391,1,'2024-05-04','2024-05-04','162.8',0,'Slightly elevated'),(265,11,396,37,'2023-12-30','2024-01-05','90.0',0,'Repeat test recommended'),(267,9,369,29,'2025-07-07','2025-07-11','127.5',0,'Repeat test recommended'),(268,5,165,48,'2025-11-10','2025-11-16','161.1',0,'Within normal range'),(269,8,421,91,'2024-05-26','2024-05-29','197.5',0,'Significantly abnormal'),(270,4,416,54,'2024-09-30','2024-10-07','146.7',1,'Repeat test recommended'),(271,8,373,44,'2025-01-02','2025-01-08','26.7',0,'Slightly elevated'),(273,11,315,28,'2024-10-25','2024-10-27','94.1',1,'Significantly abnormal'),(274,15,423,7,'2025-05-11','2025-05-14','67.6',0,'Repeat test recommended'),(275,15,530,56,'2025-05-31','2025-06-07','4.9',0,'Repeat test recommended'),(276,10,177,35,'2024-01-05','2024-01-07','128.3',0,'Slightly elevated'),(278,10,544,95,'2024-02-27','2024-02-27','135.3',0,'Within normal range'),(279,1,9,7,'2024-12-27','2024-12-28','62.7',1,'Slightly elevated'),(280,12,155,28,'2025-01-21','2025-01-22','72.7',1,'Clinical correlation advised'),(282,3,156,21,'2024-10-02','2024-10-03','106.5',1,'Slightly elevated'),(283,9,566,81,'2024-08-08','2024-08-12','138.0',0,'Within normal range'),(284,11,151,57,'2025-08-24','2025-08-24','27.2',1,'Repeat test recommended'),(285,7,489,22,'2025-11-11','2025-11-16','186.2',0,'Repeat test recommended'),(286,15,21,63,'2024-01-14','2024-01-19','177.1',0,'Significantly abnormal'),(287,2,182,18,'2024-03-02','2024-03-06','135.5',0,'Within normal range'),(288,15,202,82,'2025-01-07','2025-01-11','142.3',0,'Significantly abnormal'),(289,10,507,3,'2024-03-05','2024-03-11','198.3',1,'Significantly abnormal'),(291,11,245,90,'2025-01-22','2025-01-26','89.8',1,'Significantly abnormal'),(293,1,134,80,'2025-11-21','2025-11-21','60.6',0,'Repeat test recommended'),(294,7,398,5,'2023-12-21','2023-12-25','139.4',1,'Significantly abnormal'),(296,9,198,63,'2025-02-16','2025-02-20','16.8',1,'Within normal range'),(298,2,182,48,'2025-09-26','2025-09-28','114.4',0,'Within normal range'),(299,14,78,2,'2025-11-18','2025-11-23','174.0',0,'Slightly elevated'),(300,10,472,81,'2024-12-28','2024-12-29','122.6',0,'Slightly elevated'),(301,4,84,24,'2025-08-30','2025-08-31','0.9',0,'Slightly elevated'),(302,1,82,50,'2025-01-07','2025-01-10','95.3',0,'Repeat test recommended'),(304,3,203,34,'2025-07-07','2025-07-10','140.0',0,'Slightly elevated'),(306,7,519,82,'2025-02-12','2025-02-15','85.4',1,'Slightly elevated'),(307,9,8,84,'2024-01-02','2024-01-06','56.4',0,'Within normal range'),(308,1,65,64,'2024-12-14','2024-12-14','124.0',1,'Within normal range'),(309,11,457,2,'2024-01-11','2024-01-12','63.7',1,'Clinical correlation advised'),(311,8,308,98,'2024-07-19','2024-07-24','109.2',0,'Slightly elevated'),(312,10,175,6,'2023-12-25','2023-12-30','82.0',1,'Significantly abnormal'),(313,15,413,60,'2024-08-13','2024-08-20','30.6',1,'Repeat test recommended'),(314,1,143,41,'2024-11-06','2024-11-08','79.9',0,'Repeat test recommended'),(315,13,177,20,'2024-04-03','2024-04-05','43.5',0,'Repeat test recommended'),(316,8,154,35,'2024-12-21','2024-12-24','4.4',1,'Slightly elevated'),(318,7,164,63,'2024-01-20','2024-01-20','70.7',0,'Within normal range'),(319,6,489,78,'2025-02-08','2025-02-10','47.1',1,'Slightly elevated'),(320,7,503,2,'2025-01-20','2025-01-22','67.8',1,'Clinical correlation advised'),(321,7,125,77,'2025-07-22','2025-07-26','68.3',1,'Slightly elevated'),(323,4,335,89,'2025-04-06','2025-04-11','126.8',1,'Significantly abnormal'),(324,9,349,74,'2024-12-27','2024-12-30','180.4',1,'Clinical correlation advised'),(326,10,482,3,'2025-01-15','2025-01-16','76.9',0,'Clinical correlation advised'),(327,6,84,68,'2024-07-17','2024-07-24','120.6',1,'Within normal range'),(328,8,399,100,'2025-05-18','2025-05-22','142.4',1,'Within normal range'),(329,8,253,29,'2024-02-22','2024-02-22','65.5',1,'Clinical correlation advised'),(330,3,280,41,'2024-07-23','2024-07-28','121.0',0,'Slightly elevated'),(331,15,124,38,'2025-09-30','2025-10-03','104.7',1,'Slightly elevated'),(333,5,26,4,'2024-02-03','2024-02-09','15.8',1,'Slightly elevated'),(334,8,392,72,'2025-06-24','2025-07-01','151.7',0,'Significantly abnormal'),(335,8,283,26,'2023-12-09','2023-12-16','57.0',0,'Significantly abnormal'),(336,1,127,7,'2025-01-01','2025-01-08','73.8',1,'Repeat test recommended'),(337,9,27,81,'2024-09-13','2024-09-18','79.2',1,'Clinical correlation advised'),(338,14,36,83,'2025-02-15','2025-02-20','113.2',0,'Clinical correlation advised'),(339,1,136,64,'2025-09-27','2025-09-28','28.1',0,'Clinical correlation advised'),(340,3,241,12,'2024-11-28','2024-12-03','67.7',1,'Significantly abnormal'),(341,13,72,64,'2024-10-17','2024-10-17','105.0',1,'Slightly elevated'),(342,9,92,27,'2024-08-29','2024-08-31','23.1',1,'Slightly elevated'),(343,4,58,83,'2024-01-02','2024-01-02','10.6',0,'Repeat test recommended'),(344,1,44,29,'2025-04-07','2025-04-09','190.9',0,'Clinical correlation advised'),(345,6,331,50,'2024-02-21','2024-02-27','3.9',1,'Repeat test recommended'),(346,1,425,71,'2025-09-23','2025-09-23','40.1',0,'Slightly elevated'),(347,4,597,63,'2025-11-24','2025-11-29','140.4',1,'Clinical correlation advised'),(348,15,169,51,'2025-04-28','2025-04-30','107.3',1,'Significantly abnormal'),(349,9,384,66,'2024-10-30','2024-11-01','167.0',1,'Significantly abnormal'),(350,4,335,34,'2024-10-25','2024-10-26','130.1',1,'Within normal range'),(353,15,311,47,'2024-08-14','2024-08-14','129.6',0,'Clinical correlation advised'),(354,15,259,28,'2024-06-26','2024-06-26','62.0',0,'Slightly elevated'),(355,14,342,27,'2024-07-08','2024-07-14','144.0',1,'Repeat test recommended'),(356,10,170,63,'2024-07-28','2024-08-01','159.0',0,'Within normal range'),(357,10,110,1,'2025-10-31','2025-10-31','171.4',1,'Within normal range'),(358,5,456,49,'2024-04-29','2024-05-01','19.5',1,'Slightly elevated'),(360,13,36,16,'2025-01-26','2025-01-28','52.6',0,'Within normal range'),(362,14,594,89,'2024-05-10','2024-05-14','54.1',1,'Within normal range'),(363,12,157,28,'2025-09-26','2025-10-02','135.6',0,'Within normal range'),(364,8,443,60,'2024-10-05','2024-10-07','194.6',0,'Within normal range'),(365,13,288,91,'2025-02-16','2025-02-23','40.6',1,'Within normal range'),(366,11,279,25,'2025-04-05','2025-04-12','162.1',0,'Clinical correlation advised'),(367,14,446,72,'2023-12-13','2023-12-20','158.4',0,'Significantly abnormal'),(368,6,91,77,'2024-11-20','2024-11-27','164.2',0,'Significantly abnormal'),(369,11,381,93,'2024-05-16','2024-05-18','64.2',1,'Repeat test recommended'),(370,3,595,52,'2024-11-15','2024-11-22','196.7',1,'Slightly elevated'),(371,14,507,87,'2024-05-25','2024-05-31','72.1',1,'Within normal range'),(372,10,260,18,'2024-12-26','2024-12-31','129.1',1,'Clinical correlation advised'),(373,14,169,6,'2024-12-15','2024-12-17','119.8',0,'Clinical correlation advised'),(374,3,211,89,'2024-10-22','2024-10-23','164.7',0,'Clinical correlation advised'),(375,9,43,67,'2025-08-17','2025-08-17','51.0',0,'Slightly elevated'),(376,11,343,63,'2025-08-04','2025-08-09','146.4',1,'Clinical correlation advised'),(377,15,405,67,'2024-01-29','2024-02-04','43.9',1,'Repeat test recommended'),(378,12,109,29,'2024-02-15','2024-02-22','31.2',0,'Within normal range'),(379,15,517,14,'2024-07-12','2024-07-14','183.2',1,'Slightly elevated'),(380,13,416,39,'2025-05-01','2025-05-02','190.3',0,'Within normal range'),(381,1,32,38,'2025-07-31','2025-08-03','37.2',0,'Within normal range'),(382,5,464,16,'2024-09-25','2024-09-30','132.4',0,'Clinical correlation advised'),(383,5,352,50,'2024-11-13','2024-11-16','60.8',1,'Clinical correlation advised'),(384,10,43,87,'2024-07-16','2024-07-16','100.0',1,'Within normal range'),(385,5,485,50,'2024-05-29','2024-05-30','84.6',1,'Repeat test recommended'),(386,1,390,5,'2024-07-20','2024-07-21','95.0',0,'Within normal range'),(387,4,97,59,'2024-11-08','2024-11-13','48.4',1,'Within normal range'),(388,6,318,71,'2023-12-12','2023-12-19','43.4',1,'Within normal range'),(389,1,132,76,'2024-01-10','2024-01-10','187.1',1,'Within normal range'),(390,9,186,60,'2025-02-23','2025-03-01','160.3',0,'Significantly abnormal'),(391,10,121,90,'2024-06-20','2024-06-27','34.9',1,'Significantly abnormal'),(392,14,167,6,'2025-02-07','2025-02-12','85.4',0,'Within normal range'),(393,4,494,63,'2025-03-21','2025-03-21','77.5',0,'Repeat test recommended'),(394,1,310,24,'2025-04-17','2025-04-22','173.1',1,'Slightly elevated'),(395,12,456,90,'2025-08-05','2025-08-06','33.0',0,'Clinical correlation advised'),(396,10,25,57,'2024-07-11','2024-07-16','158.9',1,'Within normal range'),(397,12,538,89,'2024-11-19','2024-11-20','83.8',0,'Significantly abnormal'),(399,8,411,65,'2025-03-27','2025-03-29','24.3',0,'Within normal range'),(400,10,192,86,'2025-05-14','2025-05-21','132.0',1,'Clinical correlation advised'),(401,5,490,9,'2024-01-29','2024-01-31','116.5',0,'Clinical correlation advised'),(403,6,62,66,'2025-11-19','2025-11-20','105.0',1,'Clinical correlation advised'),(404,9,10,39,'2025-07-14','2025-07-19','184.2',1,'Slightly elevated'),(405,4,487,62,'2024-07-29','2024-08-01','19.9',1,'Clinical correlation advised'),(406,11,555,10,'2025-07-05','2025-07-07','171.6',0,'Within normal range'),(409,1,198,86,'2024-11-14','2024-11-20','90.0',0,'Slightly elevated'),(410,8,522,53,'2024-02-09','2024-02-11','48.3',1,'Repeat test recommended'),(411,13,77,56,'2024-03-27','2024-03-27','83.5',0,'Slightly elevated'),(412,13,41,48,'2025-02-20','2025-02-26','56.2',1,'Significantly abnormal'),(413,14,549,78,'2025-01-01','2025-01-05','171.1',1,'Clinical correlation advised'),(414,8,396,97,'2023-12-28','2023-12-30','93.9',0,'Repeat test recommended'),(415,6,546,67,'2024-03-10','2024-03-11','50.4',1,'Significantly abnormal'),(416,14,296,77,'2024-06-24','2024-06-27','62.7',1,'Slightly elevated'),(419,4,371,92,'2024-05-25','2024-05-30','41.0',1,'Clinical correlation advised'),(420,9,178,16,'2025-02-06','2025-02-09','41.2',1,'Slightly elevated'),(421,15,509,48,'2025-03-25','2025-03-31','96.9',1,'Clinical correlation advised'),(422,8,551,44,'2025-07-05','2025-07-09','121.2',1,'Within normal range'),(425,11,502,77,'2025-08-13','2025-08-20','87.5',1,'Within normal range'),(426,3,186,16,'2024-11-26','2024-11-26','8.3',0,'Significantly abnormal'),(428,1,581,8,'2025-11-21','2025-11-22','67.6',1,'Significantly abnormal'),(429,7,247,30,'2025-04-20','2025-04-24','185.6',1,'Slightly elevated'),(430,3,24,71,'2024-04-12','2024-04-17','152.5',0,'Repeat test recommended'),(431,4,555,79,'2025-11-14','2025-11-16','18.3',1,'Repeat test recommended'),(432,2,98,32,'2024-10-11','2024-10-14','48.5',0,'Slightly elevated'),(433,15,226,36,'2025-08-14','2025-08-14','47.8',1,'Repeat test recommended'),(434,10,396,58,'2025-04-27','2025-04-30','20.2',0,'Repeat test recommended'),(435,12,455,57,'2025-07-01','2025-07-07','170.1',1,'Within normal range'),(436,9,279,27,'2024-01-12','2024-01-19','87.4',1,'Significantly abnormal'),(437,1,512,65,'2024-03-11','2024-03-17','167.7',0,'Significantly abnormal'),(438,3,80,77,'2023-12-17','2023-12-23','33.8',1,'Slightly elevated'),(439,4,322,46,'2024-10-13','2024-10-17','49.8',1,'Slightly elevated'),(440,7,481,4,'2023-12-30','2024-01-02','129.1',0,'Repeat test recommended'),(441,12,23,50,'2024-04-25','2024-04-30','72.0',0,'Repeat test recommended'),(444,7,374,7,'2025-04-11','2025-04-12','141.5',0,'Within normal range'),(445,10,567,7,'2025-03-20','2025-03-21','105.1',1,'Repeat test recommended'),(446,3,301,19,'2024-09-11','2024-09-15','174.2',0,'Slightly elevated'),(447,7,320,22,'2024-06-16','2024-06-17','46.4',0,'Clinical correlation advised'),(448,1,587,84,'2025-06-04','2025-06-08','109.6',1,'Slightly elevated'),(449,4,18,26,'2024-03-24','2024-03-25','13.6',0,'Significantly abnormal'),(450,14,184,69,'2025-07-27','2025-08-03','110.7',1,'Slightly elevated'),(451,3,547,24,'2025-03-25','2025-03-25','65.2',0,'Significantly abnormal'),(452,9,22,65,'2024-07-03','2024-07-03','78.8',0,'Within normal range'),(453,8,160,17,'2025-03-29','2025-04-03','114.8',1,'Repeat test recommended'),(454,4,466,23,'2023-12-05','2023-12-06','142.7',0,'Clinical correlation advised'),(455,13,44,9,'2024-11-10','2024-11-12','0.2',1,'Clinical correlation advised'),(456,13,502,87,'2024-10-23','2024-10-29','177.8',1,'Clinical correlation advised'),(457,6,592,92,'2024-10-13','2024-10-17','104.7',1,'Slightly elevated'),(458,9,512,17,'2025-10-25','2025-10-28','14.8',1,'Significantly abnormal'),(459,2,423,49,'2024-11-12','2024-11-16','74.8',1,'Repeat test recommended'),(460,4,17,28,'2024-09-12','2024-09-14','90.0',0,'Significantly abnormal'),(461,7,251,19,'2025-11-15','2025-11-18','180.7',1,'Repeat test recommended'),(462,7,478,92,'2024-08-12','2024-08-17','176.5',1,'Slightly elevated'),(463,7,53,32,'2025-07-05','2025-07-06','59.2',0,'Significantly abnormal'),(464,8,396,84,'2024-09-14','2024-09-15','119.7',1,'Clinical correlation advised'),(465,9,489,6,'2024-07-29','2024-07-30','70.6',0,'Significantly abnormal'),(466,15,519,22,'2025-11-20','2025-11-21','29.3',1,'Within normal range'),(467,1,522,28,'2024-02-25','2024-03-01','4.9',1,'Significantly abnormal'),(469,10,127,57,'2024-07-20','2024-07-26','152.8',0,'Clinical correlation advised'),(470,12,580,65,'2025-09-24','2025-09-26','186.6',1,'Significantly abnormal'),(472,10,394,36,'2024-10-24','2024-10-27','8.5',1,'Within normal range'),(473,3,200,54,'2024-04-28','2024-05-01','83.6',0,'Repeat test recommended'),(474,9,582,33,'2025-04-30','2025-04-30','198.2',0,'Within normal range'),(475,5,495,9,'2025-04-21','2025-04-28','183.0',0,'Repeat test recommended'),(476,2,82,86,'2024-08-18','2024-08-23','123.4',1,'Repeat test recommended'),(477,5,591,72,'2024-05-19','2024-05-24','126.3',1,'Clinical correlation advised'),(479,8,279,43,'2024-06-28','2024-07-02','99.8',1,'Within normal range'),(480,10,308,33,'2025-08-14','2025-08-16','111.0',0,'Slightly elevated'),(481,8,157,13,'2023-12-18','2023-12-23','82.6',1,'Repeat test recommended'),(482,10,340,39,'2025-09-09','2025-09-12','32.6',1,'Within normal range'),(483,13,322,8,'2024-09-11','2024-09-17','163.0',0,'Repeat test recommended'),(484,8,32,43,'2024-11-17','2024-11-18','61.7',1,'Repeat test recommended'),(485,15,406,76,'2025-04-26','2025-05-02','86.1',0,'Significantly abnormal'),(486,4,169,44,'2025-06-21','2025-06-26','118.7',0,'Within normal range'),(487,2,85,95,'2025-11-23','2025-11-25','108.1',1,'Within normal range'),(488,15,156,7,'2025-11-29','2025-12-06','35.6',0,'Significantly abnormal'),(489,14,376,87,'2023-12-30','2024-01-04','133.2',0,'Within normal range'),(490,3,318,43,'2025-08-21','2025-08-21','199.3',0,'Within normal range'),(491,10,1,25,'2025-06-10','2025-06-16','164.9',1,'Within normal range'),(492,5,299,79,'2024-06-11','2024-06-12','166.4',1,'Slightly elevated'),(493,2,474,78,'2025-03-10','2025-03-12','128.7',0,'Repeat test recommended'),(494,10,230,89,'2025-02-14','2025-02-14','78.7',1,'Slightly elevated'),(495,12,485,58,'2024-11-29','2024-12-03','58.8',1,'Repeat test recommended'),(497,12,159,5,'2025-09-11','2025-09-11','117.6',0,'Slightly elevated'),(498,2,460,17,'2025-07-02','2025-07-03','56.6',1,'Significantly abnormal'),(499,10,245,92,'2024-07-26','2024-08-01','82.0',1,'Slightly elevated'),(500,15,485,84,'2025-10-28','2025-11-02','31.4',0,'Significantly abnormal'),(501,2,51,5,'2025-03-18','2025-03-24','37.4',1,'Repeat test recommended'),(502,11,408,91,'2025-01-04','2025-01-11','26.7',1,'Repeat test recommended'),(503,11,323,97,'2024-04-30','2024-05-02','1.6',0,'Significantly abnormal'),(504,7,96,63,'2024-12-24','2024-12-26','8.5',0,'Slightly elevated'),(505,9,508,36,'2025-05-08','2025-05-10','83.6',0,'Significantly abnormal'),(506,12,352,79,'2024-11-15','2024-11-20','0.6',1,'Clinical correlation advised'),(507,4,217,19,'2024-12-26','2024-12-30','106.2',0,'Repeat test recommended'),(508,13,41,59,'2024-04-05','2024-04-09','107.8',1,'Within normal range'),(509,5,341,3,'2024-10-10','2024-10-11','95.0',1,'Repeat test recommended'),(510,15,586,30,'2025-01-13','2025-01-16','89.9',1,'Within normal range'),(512,4,42,29,'2024-08-28','2024-08-31','79.5',1,'Within normal range'),(513,2,281,69,'2024-05-21','2024-05-27','3.4',1,'Clinical correlation advised'),(514,11,53,64,'2024-04-16','2024-04-19','106.9',1,'Within normal range'),(515,14,241,50,'2024-05-06','2024-05-11','35.5',0,'Within normal range'),(516,11,440,11,'2024-12-30','2025-01-02','189.3',0,'Within normal range'),(520,4,68,100,'2025-02-28','2025-03-02','22.8',1,'Significantly abnormal'),(521,2,513,99,'2024-06-02','2024-06-09','102.2',1,'Clinical correlation advised'),(522,5,86,46,'2025-08-29','2025-09-03','35.4',0,'Clinical correlation advised'),(523,5,19,80,'2025-09-04','2025-09-05','32.5',1,'Slightly elevated'),(524,9,548,25,'2024-07-29','2024-08-03','6.1',1,'Repeat test recommended'),(527,6,378,26,'2025-10-20','2025-10-20','90.6',0,'Clinical correlation advised'),(528,6,18,86,'2024-11-15','2024-11-20','83.2',0,'Significantly abnormal'),(529,14,475,11,'2025-07-17','2025-07-18','119.0',0,'Clinical correlation advised'),(530,3,485,64,'2024-05-14','2024-05-19','24.0',0,'Significantly abnormal'),(531,4,320,69,'2024-09-22','2024-09-26','7.9',0,'Within normal range'),(532,5,141,90,'2025-03-12','2025-03-18','199.9',1,'Significantly abnormal'),(533,14,422,10,'2024-06-06','2024-06-11','15.1',1,'Significantly abnormal'),(534,7,24,4,'2025-02-13','2025-02-18','37.0',0,'Slightly elevated'),(535,15,538,78,'2024-03-28','2024-03-29','72.6',0,'Significantly abnormal'),(536,13,342,41,'2025-07-28','2025-07-30','115.3',0,'Slightly elevated'),(538,11,305,13,'2024-10-14','2024-10-14','62.4',1,'Within normal range'),(539,11,342,35,'2025-10-09','2025-10-11','13.8',0,'Within normal range'),(540,15,489,6,'2024-08-08','2024-08-13','81.3',0,'Significantly abnormal'),(543,1,536,35,'2024-04-20','2024-04-23','98.6',0,'Within normal range'),(544,7,217,79,'2024-01-19','2024-01-25','38.6',1,'Significantly abnormal'),(545,3,415,76,'2024-10-06','2024-10-10','53.9',0,'Repeat test recommended'),(546,5,510,1,'2025-08-06','2025-08-12','118.2',1,'Slightly elevated'),(547,10,189,83,'2024-04-16','2024-04-17','193.4',0,'Slightly elevated'),(548,12,42,30,'2025-03-21','2025-03-21','146.3',1,'Slightly elevated'),(549,4,284,15,'2024-04-22','2024-04-22','130.4',0,'Within normal range'),(550,7,110,44,'2025-05-04','2025-05-11','29.0',0,'Significantly abnormal'),(551,6,421,49,'2024-01-26','2024-01-30','88.7',0,'Slightly elevated'),(552,4,399,46,'2025-05-23','2025-05-26','98.0',1,'Repeat test recommended'),(553,1,259,1,'2024-09-14','2024-09-21','31.8',0,'Repeat test recommended'),(554,9,297,27,'2024-10-04','2024-10-05','176.3',0,'Significantly abnormal'),(556,8,357,39,'2024-02-11','2024-02-14','89.9',1,'Repeat test recommended'),(557,7,277,21,'2024-07-28','2024-07-31','87.7',0,'Within normal range'),(558,13,241,83,'2024-07-22','2024-07-28','43.9',0,'Within normal range'),(559,5,380,67,'2025-03-16','2025-03-17','54.4',1,'Repeat test recommended'),(561,13,570,79,'2024-04-22','2024-04-24','125.5',0,'Slightly elevated'),(562,1,336,99,'2023-12-26','2024-01-01','113.6',0,'Repeat test recommended'),(563,4,192,14,'2025-01-22','2025-01-28','50.3',1,'Clinical correlation advised'),(564,4,412,86,'2024-03-25','2024-03-30','19.3',1,'Clinical correlation advised'),(565,4,251,42,'2025-10-16','2025-10-21','71.4',0,'Clinical correlation advised'),(566,6,505,30,'2024-09-16','2024-09-16','138.0',0,'Clinical correlation advised'),(567,15,141,30,'2024-10-07','2024-10-07','41.1',1,'Clinical correlation advised'),(568,12,75,14,'2024-01-04','2024-01-11','143.7',0,'Slightly elevated'),(569,4,380,13,'2025-10-25','2025-10-29','2.4',1,'Within normal range'),(570,5,461,27,'2025-08-28','2025-09-02','184.7',0,'Within normal range'),(571,13,257,77,'2024-05-31','2024-06-03','8.9',1,'Clinical correlation advised'),(572,3,7,63,'2025-04-24','2025-04-30','177.5',0,'Within normal range'),(573,9,597,30,'2024-04-21','2024-04-25','0.1',1,'Significantly abnormal'),(574,13,464,72,'2023-12-20','2023-12-22','5.5',0,'Clinical correlation advised'),(575,1,282,25,'2025-06-08','2025-06-10','46.9',0,'Slightly elevated'),(576,4,215,26,'2025-07-19','2025-07-23','92.2',1,'Slightly elevated'),(577,10,138,5,'2025-08-03','2025-08-06','73.4',1,'Repeat test recommended'),(578,3,65,21,'2024-08-03','2024-08-09','1.6',1,'Within normal range'),(580,2,158,54,'2025-08-12','2025-08-18','45.9',0,'Significantly abnormal'),(581,12,533,92,'2024-05-12','2024-05-17','177.3',0,'Clinical correlation advised'),(582,9,581,28,'2024-08-29','2024-09-04','34.5',1,'Significantly abnormal'),(584,13,549,60,'2025-08-30','2025-08-31','159.3',0,'Within normal range'),(585,4,547,15,'2024-05-07','2024-05-14','79.0',0,'Within normal range'),(586,9,185,69,'2025-04-08','2025-04-10','48.2',0,'Clinical correlation advised'),(587,14,557,10,'2025-03-29','2025-03-30','67.9',0,'Significantly abnormal'),(588,5,341,71,'2025-07-15','2025-07-17','8.9',1,'Slightly elevated'),(589,3,226,90,'2024-02-19','2024-02-20','103.6',1,'Within normal range'),(591,1,34,98,'2025-11-20','2025-11-20','155.1',0,'Within normal range'),(592,2,331,22,'2024-02-18','2024-02-19','16.6',0,'Repeat test recommended'),(593,13,101,57,'2024-05-29','2024-06-03','11.5',0,'Slightly elevated'),(594,6,321,49,'2024-01-13','2024-01-14','159.0',1,'Significantly abnormal'),(595,5,164,11,'2024-05-22','2024-05-24','120.1',1,'Significantly abnormal'),(596,8,535,99,'2025-09-14','2025-09-16','35.2',1,'Clinical correlation advised'),(597,10,44,41,'2024-11-08','2024-11-15','8.2',1,'Repeat test recommended'),(598,1,46,77,'2025-10-12','2025-10-12','132.4',0,'Repeat test recommended'),(599,6,350,12,'2024-11-26','2024-11-30','106.1',1,'Repeat test recommended'),(600,10,126,31,'2024-10-05','2024-10-07','159.6',0,'Significantly abnormal'),(601,6,51,47,'2025-01-18','2025-01-20','157.0',1,'Within normal range'),(602,9,41,81,'2024-08-07','2024-08-07','81.4',0,'Repeat test recommended'),(604,13,539,24,'2025-07-26','2025-07-27','12.2',0,'Within normal range'),(605,14,402,33,'2024-06-08','2024-06-09','178.1',0,'Significantly abnormal'),(607,4,388,92,'2025-05-23','2025-05-24','80.0',0,'Slightly elevated'),(608,11,68,19,'2023-12-19','2023-12-25','123.9',1,'Slightly elevated'),(609,9,586,83,'2024-01-16','2024-01-20','81.6',0,'Within normal range'),(610,4,430,97,'2025-07-21','2025-07-26','144.5',1,'Slightly elevated'),(611,2,318,100,'2025-03-19','2025-03-20','92.4',0,'Repeat test recommended'),(612,5,400,21,'2024-12-03','2024-12-08','151.6',0,'Slightly elevated'),(614,4,24,86,'2025-09-06','2025-09-13','75.5',1,'Significantly abnormal'),(615,14,298,66,'2024-04-21','2024-04-21','154.4',0,'Significantly abnormal'),(616,4,570,90,'2024-07-07','2024-07-09','166.1',1,'Significantly abnormal'),(617,12,138,60,'2024-03-17','2024-03-17','134.8',1,'Within normal range'),(618,5,59,38,'2025-04-01','2025-04-04','183.3',0,'Significantly abnormal'),(619,4,539,33,'2024-04-09','2024-04-14','176.7',0,'Repeat test recommended'),(620,12,228,19,'2025-08-19','2025-08-20','19.0',1,'Clinical correlation advised'),(621,8,127,70,'2025-10-13','2025-10-16','48.3',0,'Slightly elevated'),(622,8,222,18,'2024-10-13','2024-10-18','199.9',0,'Repeat test recommended'),(623,14,36,93,'2025-09-14','2025-09-15','183.6',1,'Significantly abnormal'),(624,7,98,60,'2024-07-07','2024-07-13','155.8',0,'Within normal range'),(625,15,190,27,'2025-11-04','2025-11-04','117.3',1,'Repeat test recommended'),(627,8,510,34,'2025-02-14','2025-02-15','192.1',1,'Within normal range'),(628,15,219,51,'2024-11-20','2024-11-25','26.9',0,'Within normal range'),(629,5,73,16,'2024-06-11','2024-06-15','21.9',1,'Slightly elevated'),(630,4,407,68,'2024-07-31','2024-08-05','167.6',0,'Repeat test recommended'),(631,4,175,93,'2025-06-23','2025-06-26','121.4',0,'Within normal range'),(632,4,463,36,'2024-12-23','2024-12-28','83.7',0,'Significantly abnormal'),(633,15,38,90,'2025-02-03','2025-02-05','104.0',1,'Within normal range'),(634,14,376,81,'2025-11-10','2025-11-15','47.6',1,'Repeat test recommended'),(635,7,48,67,'2023-12-22','2023-12-23','23.4',0,'Repeat test recommended'),(636,13,19,6,'2025-05-18','2025-05-18','104.1',0,'Significantly abnormal'),(637,7,408,78,'2025-09-02','2025-09-02','77.3',1,'Within normal range'),(638,6,218,13,'2025-06-05','2025-06-08','50.9',1,'Significantly abnormal'),(639,1,441,66,'2024-05-17','2024-05-19','87.3',0,'Repeat test recommended'),(641,12,42,15,'2025-03-29','2025-04-02','179.3',0,'Clinical correlation advised'),(642,8,199,44,'2025-01-30','2025-02-02','95.4',0,'Repeat test recommended'),(643,1,218,30,'2024-02-10','2024-02-15','122.9',0,'Within normal range'),(644,2,380,58,'2023-12-25','2023-12-25','121.2',0,'Clinical correlation advised'),(645,6,579,75,'2023-12-08','2023-12-09','160.7',1,'Clinical correlation advised'),(646,3,17,92,'2024-08-25','2024-08-29','116.6',0,'Repeat test recommended'),(647,13,587,80,'2024-03-01','2024-03-07','153.3',1,'Significantly abnormal'),(648,14,566,83,'2024-03-22','2024-03-29','18.0',1,'Slightly elevated'),(649,9,375,75,'2024-11-03','2024-11-06','29.5',0,'Significantly abnormal'),(651,3,229,38,'2025-07-10','2025-07-16','80.9',0,'Repeat test recommended'),(652,10,24,72,'2024-08-04','2024-08-06','79.7',0,'Repeat test recommended'),(653,13,428,4,'2024-02-13','2024-02-20','34.9',0,'Significantly abnormal'),(654,9,234,67,'2024-03-20','2024-03-23','65.2',1,'Slightly elevated'),(655,15,533,18,'2024-01-28','2024-01-28','167.2',1,'Within normal range'),(656,15,353,53,'2024-01-22','2024-01-23','196.3',1,'Significantly abnormal'),(658,11,273,12,'2024-05-17','2024-05-23','114.6',1,'Repeat test recommended'),(659,11,75,28,'2025-11-16','2025-11-23','161.8',0,'Slightly elevated'),(660,13,195,68,'2025-01-14','2025-01-19','196.1',0,'Significantly abnormal'),(661,14,197,100,'2025-03-03','2025-03-09','108.3',0,'Clinical correlation advised'),(662,13,319,66,'2025-02-26','2025-02-26','170.9',0,'Repeat test recommended'),(663,13,230,1,'2025-11-25','2025-12-01','120.1',1,'Within normal range'),(664,1,120,98,'2024-10-31','2024-11-03','15.1',0,'Clinical correlation advised'),(665,6,27,7,'2025-09-25','2025-10-01','105.6',1,'Within normal range'),(666,5,75,95,'2025-01-06','2025-01-06','90.7',0,'Clinical correlation advised'),(667,4,597,57,'2024-02-13','2024-02-19','125.4',0,'Significantly abnormal'),(668,4,287,35,'2025-11-14','2025-11-21','88.2',1,'Repeat test recommended'),(669,3,60,92,'2024-08-29','2024-08-31','145.2',1,'Slightly elevated'),(671,15,394,7,'2025-06-20','2025-06-21','153.8',1,'Within normal range'),(672,7,537,87,'2024-06-03','2024-06-07','13.5',0,'Slightly elevated'),(673,4,465,30,'2025-09-01','2025-09-03','190.8',1,'Significantly abnormal'),(674,12,176,26,'2024-12-13','2024-12-19','21.8',0,'Repeat test recommended'),(675,1,210,22,'2024-01-07','2024-01-08','15.8',0,'Within normal range'),(676,7,116,29,'2024-09-25','2024-09-28','165.1',1,'Slightly elevated'),(677,8,508,70,'2024-04-23','2024-04-28','75.3',0,'Slightly elevated'),(678,8,77,86,'2024-05-22','2024-05-26','61.5',0,'Slightly elevated'),(679,14,593,42,'2025-10-14','2025-10-16','172.8',1,'Clinical correlation advised'),(680,1,97,56,'2025-02-22','2025-02-26','199.0',0,'Repeat test recommended'),(681,4,257,14,'2024-10-20','2024-10-27','106.9',0,'Repeat test recommended'),(682,12,512,86,'2024-06-24','2024-06-26','183.0',0,'Within normal range'),(683,14,166,82,'2025-08-29','2025-09-05','178.9',0,'Within normal range'),(684,11,199,34,'2024-06-18','2024-06-24','34.4',1,'Repeat test recommended'),(685,13,449,30,'2024-09-21','2024-09-24','175.0',0,'Within normal range'),(687,10,461,95,'2025-11-08','2025-11-15','157.1',1,'Repeat test recommended'),(688,11,122,59,'2024-07-30','2024-07-30','80.6',1,'Slightly elevated'),(689,15,415,67,'2025-07-04','2025-07-04','73.1',0,'Repeat test recommended'),(690,9,148,11,'2024-01-27','2024-01-29','36.2',1,'Significantly abnormal'),(691,11,164,12,'2024-10-25','2024-10-30','3.1',1,'Clinical correlation advised'),(693,11,179,10,'2024-04-26','2024-04-28','65.5',1,'Repeat test recommended'),(694,13,41,72,'2024-04-06','2024-04-10','47.1',1,'Clinical correlation advised'),(695,14,17,21,'2025-07-25','2025-07-25','170.2',0,'Clinical correlation advised'),(697,5,134,39,'2024-03-21','2024-03-26','169.2',0,'Within normal range'),(698,5,356,58,'2024-02-29','2024-03-07','192.5',0,'Repeat test recommended'),(700,9,192,4,'2024-03-11','2024-03-18','55.1',0,'Clinical correlation advised'),(701,2,473,64,'2024-03-16','2024-03-23','77.0',0,'Clinical correlation advised'),(702,10,447,65,'2024-07-10','2024-07-12','167.4',0,'Significantly abnormal'),(703,9,591,26,'2024-07-14','2024-07-14','158.1',1,'Clinical correlation advised'),(704,1,409,83,'2025-05-25','2025-05-28','73.8',1,'Within normal range'),(705,11,370,97,'2024-10-28','2024-11-03','145.6',1,'Repeat test recommended'),(706,10,40,4,'2024-01-12','2024-01-13','33.7',0,'Significantly abnormal'),(707,14,384,35,'2025-03-19','2025-03-21','186.9',1,'Repeat test recommended'),(708,10,404,26,'2025-07-11','2025-07-16','165.3',1,'Slightly elevated'),(709,11,253,82,'2025-07-18','2025-07-22','157.9',0,'Slightly elevated'),(710,9,587,14,'2024-12-18','2024-12-24','33.0',0,'Significantly abnormal'),(711,3,546,98,'2024-12-21','2024-12-28','35.7',1,'Repeat test recommended'),(712,3,590,22,'2024-10-14','2024-10-17','173.7',0,'Significantly abnormal'),(713,9,379,14,'2025-04-17','2025-04-18','112.0',1,'Significantly abnormal'),(714,6,27,83,'2024-07-18','2024-07-22','191.3',1,'Within normal range'),(716,4,314,81,'2024-03-03','2024-03-04','175.6',0,'Within normal range'),(717,15,493,77,'2024-07-24','2024-07-26','9.5',1,'Clinical correlation advised'),(718,4,276,5,'2025-09-04','2025-09-09','42.1',1,'Within normal range'),(719,6,301,59,'2025-08-13','2025-08-18','165.5',0,'Within normal range'),(720,4,178,47,'2024-03-07','2024-03-10','163.5',1,'Clinical correlation advised'),(722,12,112,37,'2025-09-03','2025-09-03','155.3',0,'Repeat test recommended'),(723,7,542,16,'2023-12-20','2023-12-27','112.3',0,'Repeat test recommended'),(724,1,279,47,'2025-07-22','2025-07-25','169.0',1,'Repeat test recommended'),(725,3,141,43,'2024-05-10','2024-05-16','83.3',1,'Clinical correlation advised'),(726,9,426,97,'2024-08-28','2024-09-04','56.0',0,'Slightly elevated'),(727,8,346,66,'2024-12-21','2024-12-25','108.3',1,'Clinical correlation advised'),(728,7,373,41,'2023-12-03','2023-12-07','35.6',0,'Significantly abnormal'),(729,10,122,11,'2023-12-23','2023-12-29','197.1',0,'Slightly elevated'),(730,15,7,6,'2025-10-19','2025-10-21','160.3',1,'Slightly elevated'),(733,9,209,82,'2024-02-22','2024-02-28','111.2',0,'Within normal range'),(734,5,311,37,'2024-06-17','2024-06-23','77.2',1,'Slightly elevated'),(736,3,7,17,'2024-11-21','2024-11-23','183.9',1,'Slightly elevated'),(737,2,539,28,'2025-06-07','2025-06-08','147.4',0,'Within normal range'),(738,3,205,78,'2025-07-08','2025-07-08','125.4',0,'Within normal range'),(739,7,9,12,'2024-06-17','2024-06-20','83.1',1,'Slightly elevated'),(740,4,567,60,'2024-12-13','2024-12-13','106.5',1,'Repeat test recommended'),(741,9,90,86,'2024-08-22','2024-08-24','157.4',1,'Repeat test recommended'),(743,14,585,5,'2025-01-02','2025-01-04','123.8',1,'Repeat test recommended'),(744,15,568,31,'2025-08-19','2025-08-25','10.7',0,'Repeat test recommended'),(745,2,481,23,'2025-09-28','2025-10-05','137.5',0,'Repeat test recommended'),(747,3,177,20,'2024-04-20','2024-04-23','148.2',0,'Within normal range'),(749,9,148,31,'2025-06-14','2025-06-19','130.7',0,'Clinical correlation advised'),(750,14,554,27,'2025-01-08','2025-01-12','53.4',0,'Repeat test recommended'),(751,12,475,95,'2024-07-15','2024-07-18','32.4',1,'Significantly abnormal'),(752,4,21,74,'2024-12-26','2024-12-30','173.1',1,'Clinical correlation advised'),(753,12,120,24,'2024-08-31','2024-09-07','0.6',0,'Repeat test recommended'),(754,2,166,8,'2024-12-27','2024-12-30','133.4',1,'Clinical correlation advised'),(755,15,510,93,'2025-08-08','2025-08-11','98.1',1,'Slightly elevated'),(757,13,374,51,'2025-10-07','2025-10-10','34.7',0,'Significantly abnormal'),(758,13,568,63,'2024-03-20','2024-03-27','103.8',1,'Significantly abnormal'),(759,11,216,89,'2023-12-11','2023-12-16','133.5',1,'Slightly elevated'),(760,4,548,51,'2025-09-30','2025-09-30','40.5',1,'Significantly abnormal'),(761,4,398,83,'2025-09-09','2025-09-14','22.0',0,'Significantly abnormal'),(762,14,167,27,'2024-04-26','2024-04-27','4.7',0,'Clinical correlation advised'),(763,3,357,85,'2025-11-07','2025-11-08','60.6',1,'Significantly abnormal'),(766,7,50,82,'2025-06-30','2025-07-02','23.2',0,'Within normal range'),(767,14,472,53,'2024-08-11','2024-08-13','10.8',0,'Within normal range'),(768,2,392,52,'2025-08-16','2025-08-18','182.7',0,'Within normal range'),(769,10,33,58,'2025-07-15','2025-07-20','132.4',1,'Slightly elevated'),(770,4,220,5,'2025-02-04','2025-02-07','86.3',1,'Slightly elevated'),(771,9,14,85,'2025-06-01','2025-06-08','130.2',1,'Clinical correlation advised'),(772,2,154,98,'2025-02-16','2025-02-18','20.2',1,'Within normal range'),(774,11,335,18,'2025-07-01','2025-07-05','75.2',0,'Clinical correlation advised'),(776,12,583,77,'2024-12-13','2024-12-15','155.9',1,'Within normal range'),(777,13,100,30,'2024-08-24','2024-08-25','28.5',0,'Repeat test recommended'),(778,15,368,71,'2025-01-01','2025-01-06','77.5',0,'Slightly elevated'),(779,14,28,34,'2025-09-16','2025-09-18','5.2',1,'Within normal range'),(780,7,127,47,'2024-03-13','2024-03-15','95.9',1,'Significantly abnormal'),(781,1,171,77,'2024-03-07','2024-03-07','88.7',0,'Repeat test recommended'),(782,7,23,53,'2025-04-12','2025-04-14','25.4',1,'Clinical correlation advised'),(783,11,110,44,'2025-01-08','2025-01-12','190.6',0,'Within normal range'),(784,4,293,5,'2025-03-21','2025-03-21','25.0',1,'Repeat test recommended'),(785,8,578,99,'2024-02-15','2024-02-22','73.8',1,'Clinical correlation advised'),(786,2,380,57,'2024-04-06','2024-04-11','74.5',1,'Slightly elevated'),(787,4,258,62,'2025-08-15','2025-08-17','167.4',1,'Repeat test recommended'),(788,7,3,15,'2025-10-17','2025-10-17','153.9',0,'Within normal range'),(789,4,28,95,'2024-10-05','2024-10-08','20.2',1,'Significantly abnormal'),(790,13,93,63,'2025-06-19','2025-06-25','103.3',0,'Clinical correlation advised'),(791,2,376,58,'2025-08-14','2025-08-16','118.6',0,'Significantly abnormal'),(792,12,63,60,'2025-09-06','2025-09-09','101.7',1,'Repeat test recommended'),(793,2,253,7,'2024-08-15','2024-08-18','66.5',0,'Significantly abnormal'),(794,6,544,36,'2024-07-16','2024-07-20','40.0',1,'Slightly elevated'),(795,2,202,4,'2025-11-14','2025-11-20','36.4',1,'Repeat test recommended'),(796,7,440,77,'2025-03-17','2025-03-24','6.0',0,'Clinical correlation advised'),(797,1,342,26,'2024-01-14','2024-01-17','121.4',0,'Repeat test recommended'),(798,15,261,56,'2024-10-24','2024-10-30','164.7',0,'Significantly abnormal'),(799,10,66,68,'2025-03-30','2025-04-01','139.9',1,'Within normal range'),(800,1,59,35,'2024-10-15','2024-10-21','85.2',1,'Significantly abnormal');
/*!40000 ALTER TABLE `LabResult` ENABLE KEYS */;
UNLOCK TABLES;

--
-- Table structure for table `LabTest`
--

DROP TABLE IF EXISTS `LabTest`;
/*!40101 SET @saved_cs_client     = @@character_set_client */;
/*!50503 SET character_set_client = utf8mb4 */;
CREATE TABLE `LabTest` (
  `lab_test_id` int NOT NULL AUTO_INCREMENT,
  `name` varchar(150) NOT NULL,
  `description` text,
  `units` varchar(20) DEFAULT NULL,
  `reference_range` varchar(50) DEFAULT NULL,
  `sample_type` varchar(50) DEFAULT NULL,
  PRIMARY KEY (`lab_test_id`),
  UNIQUE KEY `name` (`name`)
) ENGINE=InnoDB AUTO_INCREMENT=16 DEFAULT CHARSET=utf8mb4 COLLATE=utf8mb4_0900_ai_ci;
/*!40101 SET character_set_client = @saved_cs_client */;

--
-- Dumping data for table `LabTest`
--

LOCK TABLES `LabTest` WRITE;
/*!40000 ALTER TABLE `LabTest` DISABLE KEYS */;
INSERT INTO `LabTest` VALUES (1,'Full blood count','Haematology panel','10^9/L','See comment','Blood'),(2,'Serum creatinine','Renal function','mol/L','60110','Blood'),(3,'eGFR','Estimated GFR','mL/min/1.73m2','>60','Blood'),(4,'HbA1c','Glycated haemoglobin','%','2042','Blood'),(5,'Lipid profile','Total cholesterol, HDL, LDL','mmol/L','TC <5.0','Blood'),(6,'ALT','Alanine transaminase','IU/L','040','Blood'),(7,'AST','Aspartate transaminase','IU/L','040','Blood'),(8,'CRP','C-reactive protein','mg/L','05','Blood'),(9,'TSH','Thyroid-stimulating hormone','mU/L','0.44.0','Blood'),(10,'Free T4','Thyroxine','pmol/L','925','Blood'),(11,'Urine dipstick','Urinalysis','','Negative','Urine'),(12,'Urine ACR','Albumin:creatinine ratio','mg/mmol','<3','Urine'),(13,'Chest X-ray','Plain film imaging','','','Imaging'),(14,'CT chest','CT thorax','','','Imaging'),(15,'MRI brain','MRI head','','','Imaging');
/*!40000 ALTER TABLE `LabTest` ENABLE KEYS */;
UNLOCK TABLES;

--
-- Table structure for table `Medication`
--

DROP TABLE IF EXISTS `Medication`;
/*!40101 SET @saved_cs_client     = @@character_set_client */;
/*!50503 SET character_set_client = utf8mb4 */;
CREATE TABLE `Medication` (
  `medication_id` int NOT NULL AUTO_INCREMENT,
  `name` varchar(150) NOT NULL,
  PRIMARY KEY (`medication_id`),
  UNIQUE KEY `name` (`name`)
) ENGINE=InnoDB AUTO_INCREMENT=41 DEFAULT CHARSET=utf8mb4 COLLATE=utf8mb4_0900_ai_ci;
/*!40101 SET character_set_client = @saved_cs_client */;

--
-- Dumping data for table `Medication`
--

LOCK TABLES `Medication` WRITE;
/*!40000 ALTER TABLE `Medication` DISABLE KEYS */;
INSERT INTO `Medication` VALUES (36,'Allopurinol'),(5,'Amlodipine'),(11,'Amoxicillin'),(31,'Aspirin'),(1,'Atorvastatin'),(38,'Azithromycin'),(18,'Bisoprolol'),(40,'Cefalexin'),(22,'Citalopram'),(37,'Clarithromycin'),(17,'Clopidogrel'),(20,'Dapagliflozin'),(34,'Duloxetine'),(23,'Fluoxetine'),(15,'Furosemide'),(24,'Gabapentin'),(26,'Hydrochlorothiazide'),(12,'Ibuprofen'),(33,'Insulin aspart'),(32,'Insulin glargine'),(8,'Levothyroxine'),(2,'Lisinopril'),(7,'Losartan'),(3,'Metformin'),(30,'Metoprolol'),(39,'Nitrofurantoin'),(4,'Omeprazole'),(28,'Pantoprazole'),(13,'Paracetamol'),(14,'Prednisolone'),(19,'Ramipril'),(29,'Ranitidine'),(9,'Salbutamol'),(10,'Sertraline'),(6,'Simvastatin'),(27,'Spironolactone'),(21,'Tamsulosin'),(25,'Tramadol'),(35,'Venlafaxine'),(16,'Warfarin');
/*!40000 ALTER TABLE `Medication` ENABLE KEYS */;
UNLOCK TABLES;

--
-- Table structure for table `Patient`
--

DROP TABLE IF EXISTS `Patient`;
/*!40101 SET @saved_cs_client     = @@character_set_client */;
/*!50503 SET character_set_client = utf8mb4 */;
CREATE TABLE `Patient` (
  `patient_id` int NOT NULL AUTO_INCREMENT,
  `doctor_id` int NOT NULL,
  `first_name` varchar(100) NOT NULL,
  `last_name` varchar(100) NOT NULL,
  `date_of_birth` date NOT NULL,
  `address` varchar(255) NOT NULL,
  `gender` enum('Male','Female','Other') NOT NULL,
  PRIMARY KEY (`patient_id`),
  KEY `doctor_id` (`doctor_id`),
  CONSTRAINT `patient_ibfk_1` FOREIGN KEY (`doctor_id`) REFERENCES `Doctor` (`doctor_id`) ON DELETE CASCADE ON UPDATE CASCADE
) ENGINE=InnoDB AUTO_INCREMENT=603 DEFAULT CHARSET=utf8mb4 COLLATE=utf8mb4_0900_ai_ci;
/*!40101 SET character_set_client = @saved_cs_client */;

--
-- Dumping data for table `Patient`
--

LOCK TABLES `Patient` WRITE;
/*!40000 ALTER TABLE `Patient` DISABLE KEYS */;
INSERT INTO `Patient` VALUES (1,1,'Emily','Wilson','1956-10-29','160 South Road, West Hill, UK','Female'),(2,1,'Maya','Bell','2008-03-07','69 London Road, Morchard Bishop, UK','Other'),(3,1,'Freddie','Baker','1979-04-22','32 Hawthorn Road, Huxham, UK','Male'),(4,1,'Maya','Fisher','2011-09-16','41 Chapel Street, Salcombe Regis, UK','Female'),(5,1,'Sienna','Jones','1989-07-18','58 Hill Street, Cheriton Bishop, UK','Male'),(6,1,'Lily','White','1998-02-09','184 The Avenue, Aylesbeare, UK','Female'),(7,2,'Daisy','Fox','1964-07-12','121 Church Lane, Poltimore, UK','Male'),(8,2,'Ella','Wilkinson','1952-12-22','154 Meadow Lane, Crediton, UK','Other'),(9,2,'Elizabeth','Hughes','2017-07-07','198 Green Lane, Willand, UK','Female'),(10,2,'Luca','Anderson','1963-12-20','186 High Street, Uffculme, UK','Female'),(11,2,'Harper','Gray','1999-03-16','115 Holly Road, Kenton, UK','Other'),(12,2,'Jessica','Davis','1969-10-28','140 St Johns Road, Gittisham, UK','Female'),(13,3,'Ella','Scott','2018-01-06','62 The Close, Branscombe, UK','Other'),(14,3,'Amelia','Hill','2016-10-17','82 Hill Street, Teignmouth, UK','Other'),(15,3,'Evie','Fox','2012-10-17','170 Windmill Lane, Sidbury, UK','Other'),(16,3,'Isaac','Marshall','1943-04-28','152 North Street, Clyst St George, UK','Female'),(17,3,'Leo','Bell','1948-12-11','4 East Road, Stoke Canon, UK','Other'),(18,3,'Ethan','Cook','2018-02-18','20 Beacon Hill, Kenton, UK','Female'),(19,4,'Mason','Watson','1995-11-30','167 Orchard Road, Seaton, UK','Male'),(20,4,'Hugo','Holt','2017-02-03','82 West Road, Sidmouth, UK','Other'),(21,4,'Luna','Moss','1983-10-11','159 St James Road, Dawlish, UK','Male'),(22,4,'Theo','Thomson','2001-05-26','192 Springfield Road, Thorverton, UK','Male'),(23,4,'Sophia','Thompson','2008-03-19','26 Harbour Road, Salcombe Regis, UK','Female'),(24,4,'Joseph','Farrell','1966-11-12','84 Church Road, Teignmouth, UK','Male'),(25,5,'Adam','Parker','1973-08-17','63 College Road, Kennford, UK','Other'),(26,5,'Emily','Chapman','2001-03-02','45 The Grove, Shillingford St George, UK','Male'),(27,5,'Rosie','Young','1995-08-06','128 New Street, Bickleigh, UK','Other'),(28,5,'Ethan','Hill','1981-05-15','118 Harbour Road, Killerton, UK','Female'),(29,5,'Lottie','Jones','2012-03-09','174 Beech Road, Uffculme, UK','Other'),(30,5,'Alexander','Johnson','1979-08-18','77 Broad Street, Harberton, UK','Other'),(31,6,'Grace','Farrell','1962-06-09','51 Lime Grove, Halberton, UK','Female'),(32,6,'Jessica','Wright','1961-04-12','92 Windmill Lane, Otterton, UK','Other'),(33,6,'Adam','Pearson','1966-06-27','102 Main Road, Dalwood, UK','Female'),(34,6,'George','Chapman','2017-08-10','13 New Street, Colyford, UK','Other'),(35,6,'Elizabeth','Marshall','2014-09-19','156 Springfield Road, Thorverton, UK','Female'),(36,6,'Mohammed','Lawrence','1957-01-21','174 Market Street, Killerton, UK','Other'),(37,7,'Aria','Jenkins','2015-03-18','25 South Street, Broadhembury, UK','Other'),(38,7,'Eva','Davies','1967-09-19','149 Manor Lane, Dawlish, UK','Female'),(39,7,'Hannah','Edwards','1948-02-01','192 Clarence Road, Feniton, UK','Female'),(40,7,'Edward','Wood','1951-11-09','136 St James Road, West Hill, UK','Other'),(41,7,'Finley','Harris','1963-01-20','192 Willow Road, Tiverton, UK','Female'),(42,7,'Henry','Miller','1946-10-03','58 East Street, Farway, UK','Other'),(43,8,'Beatrice','Holt','1975-08-27','24 St Marys Road, West Hill, UK','Female'),(44,8,'George','Clark','1988-02-20','95 West Street, Stoke Canon, UK','Other'),(45,8,'Elizabeth','Holt','1963-07-09','164 Prospect Road, Sidmouth, UK','Female'),(46,8,'Alfie','Holt','1960-12-22','159 Poplar Avenue, Starcross, UK','Other'),(47,8,'Reuben','Barnes','1959-11-10','163 Sea View Road, Kingsteignton, UK','Female'),(48,8,'Heidi','Morgan','1998-03-31','36 Hill Street, Pinhoe, UK','Male'),(49,9,'Jacob','Morgan','1984-03-12','61 New Road, Cranbrook, UK','Other'),(50,9,'Archie','Griffiths','1980-09-11','191 Broad Lane, Stockland, UK','Other'),(51,9,'Florence','Carter','1992-09-09','40 Court Road, Shute, UK','Female'),(52,9,'Erin','Thompson','2014-10-17','105 Holly Road, Yarcombe, UK','Female'),(53,9,'Jacob','Farrell','1973-03-29','114 Mill Lane, Uffculme, UK','Male'),(54,9,'Roman','Thompson','2001-07-07','166 Broad Lane, Woodbury, UK','Female'),(55,10,'Muhammad','Mitchell','1964-10-01','117 The Close, Heavitree, UK','Male'),(56,10,'Aria','Martin','1997-07-27','6 Harbour Road, Honiton, UK','Male'),(57,10,'Hugo','Morris','1951-04-19','18 St Marks Road, Morchard Bishop, UK','Other'),(58,10,'Arthur','Rose','1959-05-17','199 School Lane, Whimple, UK','Male'),(59,10,'Emma','Smith','1964-11-15','139 East Street, Alphington, UK','Female'),(60,10,'Edward','Walker','1999-04-22','4 Church Road, Alphington, UK','Female'),(61,11,'Theo','Rose','1969-01-17','68 Main Road, Shillingford Abbot, UK','Male'),(62,11,'Freddie','Spencer','1977-10-07','191 East Road, Pinhoe, UK','Male'),(63,11,'Evie','Barker','2009-10-19','152 Upper Street, Clyst St Mary, UK','Male'),(64,11,'Poppy','Anderson','1959-11-16','187 River Street, Teignmouth, UK','Other'),(65,11,'Alice','Morgan','1981-02-03','16 Sea View Road, Starcross, UK','Female'),(66,11,'Isla','Shaw','2001-07-21','183 Kingsway, Huxham, UK','Female'),(67,12,'Oscar','Roberts','1968-11-23','17 Riverside, Kennford, UK','Male'),(68,12,'Arlo','Matthews','1996-10-17','183 Prospect Road, Woodbury Salterton, UK','Female'),(69,12,'Rory','Stevens','1987-08-07','130 Clarence Road, Stoke Canon, UK','Other'),(70,12,'Sophia','Thompson','2011-02-25','168 Hawthorn Road, Pinhoe, UK','Other'),(71,12,'Sienna','Berry','2017-08-24','116 Mill Lane, Lyme Regis, UK','Male'),(72,12,'Emily','Watson','2014-03-25','107 Lime Grove, Colyton, UK','Other'),(73,13,'Leo','James','1978-04-15','66 George Street, Stockland, UK','Female'),(74,13,'Isaac','Jenkins','1982-07-19','22 Green Lane, Cheriton Bishop, UK','Male'),(75,13,'Sophia','Thompson','2006-10-19','34 Castle Street, Tipton St John, UK','Other'),(76,13,'Muhammad','Rose','1990-05-20','172 St Marys Road, Whimple, UK','Male'),(77,13,'Emily','Parker','2018-05-17','109 Short Street, Farway, UK','Other'),(78,13,'Charlie','Baker','1993-11-12','27 Albert Road, Ottery St Mary, UK','Other'),(79,14,'Sophie','Martin','1953-11-18','58 Long Lane, Poltimore, UK','Male'),(80,14,'Louis','Foster','1972-12-22','72 New Road, Gittisham, UK','Other'),(81,14,'Mohammed','Shaw','2015-10-28','158 St Marys Road, Dunkeswell, UK','Other'),(82,14,'Eva','Foster','1942-05-10','178 Riverside, Dalwood, UK','Female'),(83,14,'Jack','Patel','1964-07-07','80 Hawthorn Road, Gittisham, UK','Female'),(84,14,'Louis','Smith','1956-04-10','169 East Street, East Budleigh, UK','Female'),(85,15,'Thomas','Green','2006-06-23','24 Harbour Road, Starcross, UK','Other'),(86,15,'Phoebe','Martin','1973-10-01','88 Church Lane, Stoke Canon, UK','Male'),(87,15,'Toby','Allen','2004-09-26','153 York Road, East Budleigh, UK','Male'),(88,15,'Charlie','Hall','1954-02-14','13 Garden Lane, Dunkeswell, UK','Other'),(89,15,'William','Lee','1979-10-02','125 Long Lane, Uplyme, UK','Other'),(90,15,'Mia','Carter','1964-07-04','132 Mill Lane, Farway, UK','Male'),(91,16,'Louis','Collins','1949-12-12','174 Springfield Road, Upottery, UK','Other'),(92,16,'Isabella','Adams','1999-11-07','57 Albert Road, Teignmouth, UK','Female'),(93,16,'Emma','Evans','1940-09-08','55 Mill Road, Halberton, UK','Male'),(94,16,'Georgia','Moore','1965-12-19','2 York Road, Heavitree, UK','Female'),(95,16,'Elizabeth','Collins','1955-10-06','137 North Street, Sidmouth, UK','Other'),(96,16,'Logan','Anderson','1990-02-15','19 Short Street, Ottery St Mary, UK','Female'),(97,17,'Imogen','Davies','1979-02-19','20 Main Road, Stoke Canon, UK','Female'),(98,17,'Matilda','Shaw','1991-06-11','164 Hill Road, Salcombe Regis, UK','Female'),(99,17,'Adam','Walker','1976-05-03','44 Main Road, Feniton, UK','Other'),(100,17,'Ella','Farrell','1972-06-18','28 Queen Street, Lyme Regis, UK','Male'),(101,17,'Sophia','Rose','1975-12-04','102 East Road, Christow, UK','Female'),(102,17,'Elizabeth','Watson','1959-11-17','20 Grosvenor Road, Shillingford St George, UK','Other'),(103,18,'Millie','Walker','1987-08-08','199 North Road, Crediton, UK','Female'),(104,18,'Louis','Owen','2013-06-21','61 Sea View Road, Kennford, UK','Male'),(105,18,'Ethan','Moore','1957-09-12','40 The Green, Awliscombe, UK','Other'),(106,18,'Oscar','Clarke','2009-05-02','119 Market Road, Aylesbeare, UK','Other'),(107,18,'Georgia','Gray','1980-04-09','165 New Street, East Budleigh, UK','Other'),(108,18,'Molly','Scott','2017-07-14','39 Market Road, Bradninch, UK','Female'),(109,19,'Thomas','Cox','1979-09-03','71 Market Road, Halberton, UK','Other'),(110,19,'Muhammad','Parker','1985-07-07','119 Manor Road, Sampford Peverell, UK','Female'),(111,19,'Jacob','Evans','1973-01-29','166 Springfield Road, Chudleigh, UK','Male'),(112,19,'Rosie','Stevens','1985-06-28','149 Meadow Lane, Rewe, UK','Other'),(113,19,'Imogen','Davies','1980-05-06','49 St Peters Road, Kilmington, UK','Female'),(114,19,'Chloe','Cox','1984-12-23','116 The Avenue, Newton Abbot, UK','Male'),(115,20,'Luca','Gibson','1947-07-26','45 Fairfield Road, Payhembury, UK','Male'),(116,20,'Harrison','Fox','1979-04-10','134 Manor Lane, Exton, UK','Other'),(117,20,'Alexander','Price','1973-06-13','105 Springfield Road, Sidbury, UK','Female'),(118,20,'Zara','Stevens','1944-09-11','86 Market Road, Payhembury, UK','Male'),(119,20,'Hugo','Thompson','1990-01-21','73 Old Road, Sidbury, UK','Female'),(120,20,'Beatrice','Lloyd','1994-01-26','21 The Avenue, Whimple, UK','Other'),(121,21,'Aria','Green','1971-05-20','179 Albert Road, Kilmington, UK','Other'),(122,21,'Olivia','Edwards','1993-05-20','80 Sycamore Road, Christow, UK','Other'),(123,21,'Rory','Webb','2011-01-09','172 Grosvenor Road, Alphington, UK','Other'),(124,21,'Imogen','Jenkins','1987-03-23','172 Queen Street, Payhembury, UK','Female'),(125,21,'Daisy','Price','1941-08-20','47 Upper Street, Sampford Peverell, UK','Male'),(126,21,'Luca','Black','1983-08-17','36 The Close, North Tawton, UK','Male'),(127,22,'Oscar','Harrison','2015-10-04','198 Kings Road, Clyst St George, UK','Other'),(128,22,'Imogen','Adams','1943-05-21','197 Long Lane, Rockbeare, UK','Other'),(129,22,'Freddie','Stevens','1973-10-18','47 The Avenue, Mamhead, UK','Other'),(130,22,'Molly','Harris','2004-09-12','106 Manor Lane, Teignmouth, UK','Female'),(131,22,'Zara','Berry','1961-04-23','73 Manor Lane, Yarcombe, UK','Other'),(132,22,'Poppy','Hill','1987-11-28','121 Chapel Street, Sampford Peverell, UK','Male'),(133,23,'Toby','Holt','1991-03-05','197 Manor Lane, Rewe, UK','Female'),(134,23,'Rory','Anderson','1987-04-27','52 Church Lane, Mamhead, UK','Other'),(135,23,'Archie','Moore','1944-09-05','96 Sea View Road, Poltimore, UK','Other'),(136,23,'Alfie','Gibson','2015-11-21','73 South Road, Heavitree, UK','Male'),(137,23,'Georgia','Lewis','1964-06-21','38 Farm Lane, Clyst St Mary, UK','Female'),(138,23,'James','Cooper','2013-04-08','7 Farm Lane, Honiton, UK','Female'),(139,24,'Charlie','Mitchell','1985-01-13','99 Broad Lane, Bickleigh, UK','Male'),(140,24,'Toby','Cooper','1942-07-12','183 George Street, Cranbrook, UK','Other'),(141,24,'Hugo','Green','1952-05-05','121 Church Street, Uffculme, UK','Other'),(142,24,'Archie','Moss','2003-04-19','158 Poplar Avenue, Burlescombe, UK','Male'),(143,24,'William','Williams','1962-12-17','141 Mill Lane, Kenton, UK','Other'),(144,24,'Chloe','Adams','1977-12-21','61 New Road, Uffculme, UK','Female'),(145,25,'Joshua','Wilson','1961-05-23','160 Church Lane, Talaton, UK','Female'),(146,25,'Thomas','Walker','2015-01-23','138 Cavendish Road, Honiton, UK','Male'),(147,25,'Maya','Simpson','1991-08-04','37 Chapel Street, Rousdon, UK','Female'),(148,25,'Grace','Smith','1995-02-27','147 Lower Road, Bickleigh, UK','Female'),(149,25,'Samuel','Graham','1999-12-13','93 Park Avenue, Exton, UK','Male'),(150,25,'Phoebe','Begum','1985-07-07','6 Fairfield Road, Woodbury Salterton, UK','Female'),(151,26,'Evie','Davies','1997-01-10','65 Meadow Lane, Tipton St John, UK','Other'),(152,26,'Harry','Parker','2010-09-28','62 Green Lane, Honiton, UK','Other'),(153,26,'Aria','Thomson','1949-04-19','194 Prospect Road, Musbury, UK','Female'),(154,26,'Archie','Davies','1971-08-10','165 St James Road, Rockbeare, UK','Male'),(155,26,'Thea','Miller','2002-05-21','47 Willow Road, Broadhembury, UK','Male'),(156,26,'Thomas','Gibson','2009-08-20','76 Lime Grove, Dawlish, UK','Male'),(157,27,'Noah','Wood','1943-10-05','132 George Street, Sampford Peverell, UK','Female'),(158,27,'Florence','Cox','1962-09-22','166 Church Street, Farway, UK','Male'),(159,27,'Sebastian','Parker','2017-05-06','85 London Road, Kilmington, UK','Female'),(160,27,'Joshua','Bennett','1979-03-15','113 Hill Road, Colyford, UK','Female'),(161,27,'Luca','Patel','1984-07-07','95 Orchard Road, Aylesbeare, UK','Other'),(162,27,'Finley','Roberts','2005-03-25','111 Park Lane, Christow, UK','Other'),(163,28,'Samuel','Begum','1966-05-10','21 York Road, Broadclyst, UK','Female'),(164,28,'Aria','Harrison','1967-07-01','184 Farm Lane, Awliscombe, UK','Female'),(165,28,'Joseph','Farrell','1979-10-28','11 Broad Street, Burlescombe, UK','Other'),(166,28,'Jaxon','Barnes','1979-01-08','15 Maple Avenue, Talaton, UK','Male'),(167,28,'Lottie','Lawrence','1976-06-10','192 Upper Street, Clyst St Mary, UK','Other'),(168,28,'Alexander','Brown','1952-10-22','113 Riverside, Upottery, UK','Male'),(169,29,'Freddie','Thomas','1961-03-04','93 Sea View Road, West Hill, UK','Female'),(170,29,'Elsie','Taylor','1994-04-14','116 The Avenue, Upottery, UK','Female'),(171,29,'Toby','Bell','2008-06-16','36 Manor Road, Otterton, UK','Other'),(172,29,'Roman','Mitchell','1968-03-15','64 Beacon Hill, Willand, UK','Male'),(173,29,'Jack','Spencer','1956-09-09','100 Cavendish Road, Clyst Honiton, UK','Other'),(174,29,'Joshua','Clark','2009-07-11','115 Cedar Road, Salcombe Regis, UK','Male'),(175,30,'Rosie','Baker','2002-04-05','32 Holly Road, Copplestone, UK','Male'),(176,30,'Oscar','Barker','1955-06-28','23 Firs Avenue, Uffculme, UK','Other'),(177,30,'Zachary','Graham','1971-03-03','141 Sycamore Road, Kingsteignton, UK','Other'),(178,30,'Adam','Morgan','2016-05-18','182 The Crescent, Rousdon, UK','Other'),(179,30,'Millie','Clarke','2011-03-16','58 Upper Street, Clyst St Mary, UK','Male'),(180,30,'Daniel','Hughes','1961-03-28','93 Cavendish Road, Starcross, UK','Other'),(181,31,'Matilda','Bennett','1981-12-06','157 St Johns Road, Alphington, UK','Male'),(182,31,'Thomas','Allen','1975-09-20','123 Firs Avenue, Whitford, UK','Other'),(183,31,'Emily','Black','1976-09-24','33 St Peters Road, Chudleigh, UK','Female'),(184,31,'Eva','Johnson','1980-05-14','133 Beech Road, Monkton, UK','Female'),(185,31,'Freddie','Wilkinson','1997-05-25','197 Queensway, Tedburn St Mary, UK','Male'),(186,31,'Sophia','Anderson','2017-11-21','133 Victoria Road, Heavitree, UK','Male'),(187,32,'Teddy','Harris','1954-07-13','58 York Road, Salcombe Regis, UK','Female'),(188,32,'Alice','Baker','2015-11-22','51 Park Avenue, Killerton, UK','Other'),(189,32,'Sienna','King','1951-03-25','158 Market Road, Halberton, UK','Other'),(190,32,'James','Anderson','1997-07-03','149 The Drive, Harberton, UK','Male'),(191,32,'Joseph','Lloyd','1996-01-09','87 Ash Road, Awliscombe, UK','Other'),(192,32,'Noah','Brown','1947-04-15','198 Park Road, Payhembury, UK','Other'),(193,33,'Mason','Reynolds','1958-11-29','159 St Peters Road, Axminster, UK','Other'),(194,33,'Jack','Marshall','1996-04-06','165 St James Road, Tiverton, UK','Female'),(195,33,'Jessica','Morris','2012-03-11','77 New Street, Colyton, UK','Female'),(196,33,'Oscar','Farrell','1945-05-17','107 The Crescent, Uffculme, UK','Female'),(197,33,'Lily','Turner','1970-07-09','81 Riverside, Kennford, UK','Other'),(198,33,'Zachary','Owen','2017-03-22','34 Broad Street, Colyton, UK','Female'),(199,34,'Daisy','Foster','1949-07-11','120 George Street, Bickleigh, UK','Male'),(200,34,'Finley','Barker','1962-03-29','13 East Street, Cranbrook, UK','Female'),(201,34,'Amelia','Barnes','1977-07-06','84 Elm Road, Mamhead, UK','Other'),(202,34,'Beatrice','James','1957-01-11','128 Summerhill Road, Mamhead, UK','Other'),(203,34,'Lily','Marshall','2018-11-12','6 Albert Road, Aylesbeare, UK','Male'),(204,34,'Olivia','Anderson','1981-01-07','150 Chapel Street, Bow, UK','Female'),(205,35,'Charlie','Wilson','1965-03-29','168 Cavendish Road, Honiton, UK','Other'),(206,35,'Evie','Baker','1988-02-24','111 Station Road, Broadclyst, UK','Male'),(207,35,'Mason','Owen','1972-10-24','94 Summerhill Road, Colyton, UK','Male'),(208,35,'Isla','Wilson','1991-02-28','93 St Marys Road, Crediton, UK','Other'),(209,35,'Sebastian','Johnson','1974-08-29','196 Fairfield Road, Burlescombe, UK','Other'),(210,35,'Arlo','Matthews','2001-01-15','33 River Street, Heavitree, UK','Male'),(211,36,'Olivia','Bennett','2011-04-25','94 Broadway, Budleigh Salterton, UK','Male'),(212,36,'Daniel','Fisher','1985-09-03','11 Hill Road, Clyst St George, UK','Male'),(213,36,'Jacob','Hughes','2004-01-07','133 Grosvenor Road, Brampford Speke, UK','Female'),(214,36,'Isaac','Fisher','1986-04-01','157 South Street, Feniton, UK','Female'),(215,36,'Alexander','Mitchell','1995-04-23','152 Castle Street, Halberton, UK','Female'),(216,36,'Sophie','Simpson','1987-10-04','145 Holly Road, Salcombe Regis, UK','Female'),(217,37,'Evie','Williams','1973-01-17','29 Grosvenor Road, Upottery, UK','Female'),(218,37,'Ruby','Allen','2011-06-25','162 Ash Road, Weston, UK','Male'),(219,37,'Emma','Cox','1963-10-27','148 Beacon Hill, Newton Poppleford, UK','Male'),(220,37,'Beatrice','Wilson','1992-05-07','135 Willow Road, Shillingford St George, UK','Other'),(221,37,'Beatrice','Matthews','2009-06-29','175 Windmill Lane, Kennford, UK','Male'),(222,37,'Jacob','Powell','2002-11-05','5 New Road, Crediton, UK','Female'),(223,38,'Zachary','Carter','1953-08-02','53 Hill Street, Weston, UK','Female'),(224,38,'Sophie','Barnes','1982-04-23','16 Castle Street, Shute, UK','Other'),(225,38,'Archie','Ellis','1958-08-08','170 St Marys Road, Feniton, UK','Female'),(226,38,'Phoebe','Young','1968-02-24','137 The Green, Stoke Canon, UK','Female'),(227,38,'Florence','Parker','2000-08-19','165 Ash Road, Monkton, UK','Other'),(228,38,'Mason','Barnes','1983-06-09','72 The Close, Silverton, UK','Other'),(229,39,'Teddy','Cooper','1966-09-13','54 Springfield Road, Salcombe Regis, UK','Other'),(230,39,'Eleanor','Khan','1968-06-10','144 Willow Road, Honiton, UK','Other'),(231,39,'Arlo','Baker','1950-12-07','140 St Peters Road, Upottery, UK','Female'),(232,39,'Olivia','Davis','2009-05-09','11 East Street, Tiverton, UK','Female'),(233,39,'Luna','Roberts','1971-01-27','66 Manor Lane, Kilmington, UK','Other'),(234,39,'Jessica','Martin','1958-02-16','144 West Road, Kentisbeare, UK','Other'),(241,41,'Logan','Singh','2006-04-09','45 Ash Road, Dawlish, UK','Female'),(242,41,'Edward','Taylor','2015-01-07','48 Field Road, Aylesbeare, UK','Other'),(243,41,'Adam','Taylor','1940-10-30','155 Richmond Road, East Budleigh, UK','Male'),(244,41,'Hugo','Baker','1980-10-05','135 Sea View Road, Woodbury, UK','Female'),(245,41,'Archie','Anderson','1981-12-27','29 Birch Road, Crediton, UK','Female'),(246,41,'Alexander','Owen','1981-03-03','184 Sea View Road, Killerton, UK','Male'),(247,42,'George','Spencer','1970-03-30','173 Clarence Road, East Budleigh, UK','Male'),(248,42,'Edward','Barnes','2016-10-22','110 Harbour Road, Colyton, UK','Other'),(249,42,'Reuben','Robinson','1975-12-17','48 Short Street, Cranbrook, UK','Male'),(250,42,'Jessica','Scott','1962-04-03','99 High Street, Cullompton, UK','Male'),(251,42,'Poppy','Holmes','1963-12-14','150 Grosvenor Road, Halberton, UK','Other'),(252,42,'Matilda','Jones','1963-06-19','178 Beacon Hill, West Hill, UK','Male'),(253,43,'Muhammad','Graham','1950-08-09','41 Beech Road, Sampford Peverell, UK','Female'),(254,43,'Thea','Anderson','2003-02-13','31 Albert Road, Weston, UK','Other'),(255,43,'Adam','Bennett','1995-02-21','35 Bridge Street, North Tawton, UK','Female'),(256,43,'Isaac','Murphy','2007-01-30','107 Riverside, Tipton St John, UK','Other'),(257,43,'Sienna','Cox','2007-12-11','56 West Road, Stockland, UK','Male'),(258,43,'Thea','Holmes','1993-06-14','115 Park Avenue, Exton, UK','Other'),(259,44,'Eleanor','Price','1947-01-03','16 St Marks Road, Pinhoe, UK','Other'),(260,44,'Sophie','Wood','1991-05-19','43 West Road, Kenton, UK','Female'),(261,44,'Alice','Bell','1950-06-05','184 New Street, Morchard Bishop, UK','Other'),(262,44,'Isabella','Robinson','1985-10-14','117 Farm Lane, Newton Abbot, UK','Male'),(263,44,'Daisy','Carter','1980-12-24','144 St Marks Road, Newton Abbot, UK','Female'),(264,44,'Zara','Allen','2004-11-20','66 Main Road, Seaton, UK','Male'),(271,46,'Mohammed','Smith','2007-11-03','119 Main Road, Halberton, UK','Other'),(272,46,'Beatrice','Begum','1978-01-18','59 West Road, Sidmouth, UK','Male'),(273,46,'Ella','Davis','1953-12-01','186 Maple Avenue, Crediton, UK','Male'),(274,46,'Jacob','Lloyd','1977-08-11','62 River Street, Exminster, UK','Male'),(275,46,'Thomas','Thompson','1993-04-14','154 Church Street, Burlescombe, UK','Other'),(276,46,'Eleanor','Wilson','1961-12-15','103 Castle Street, Teignmouth, UK','Female'),(277,47,'Logan','Begum','1959-06-29','36 Garden Lane, Newton Abbot, UK','Other'),(278,47,'Adam','Hill','2013-03-09','82 Acacia Avenue, Otterton, UK','Other'),(279,47,'Emma','Black','2000-05-02','78 York Road, Bickleigh, UK','Male'),(280,47,'Aria','Ellis','1959-10-31','71 Hill Street, Halberton, UK','Male'),(281,47,'Willow','Rose','2018-12-03','161 Castle Street, Shillingford Abbot, UK','Other'),(282,47,'Grace','Foster','1984-06-18','165 London Road, Honiton, UK','Other'),(283,48,'Rory','Adams','1968-08-05','105 Hawthorn Road, Axminster, UK','Male'),(284,48,'Teddy','Young','1956-06-30','122 Garden Lane, Lympstone, UK','Male'),(285,48,'Mohammed','Morgan','2016-12-06','119 Sycamore Road, Kennford, UK','Male'),(286,48,'Willow','Cook','1977-05-14','35 St Marys Road, Exton, UK','Female'),(287,48,'Harrison','Moore','1958-03-29','21 Grosvenor Road, Payhembury, UK','Female'),(288,48,'Toby','Robinson','1988-01-20','14 Ash Road, Crediton, UK','Female'),(289,49,'Rory','Holt','1994-04-10','19 Riverside, Teignmouth, UK','Male'),(290,49,'Georgia','Rose','2004-12-24','56 Short Street, Budleigh Salterton, UK','Female'),(291,49,'Arthur','Phillips','1967-03-14','49 Station Road, Bow, UK','Other'),(292,49,'Joshua','Burton','2007-09-03','179 Willow Road, Silverton, UK','Other'),(293,49,'Eleanor','Turner','1975-08-01','83 Chapel Street, Woodbury Salterton, UK','Female'),(294,49,'Rory','Miller','1987-11-16','79 Beacon Hill, Ottery St Mary, UK','Female'),(295,50,'Roman','Simpson','1984-08-11','185 Beech Road, Cranbrook, UK','Female'),(296,50,'Georgia','James','1958-03-23','106 Broad Lane, Bradninch, UK','Male'),(297,50,'Elsie','Cooper','2006-07-02','67 East Street, Exminster, UK','Other'),(298,50,'Ruby','Gray','2004-08-05','40 Church Lane, Tiverton, UK','Male'),(299,50,'Hugo','Hill','1974-01-28','128 St Marks Road, Silverton, UK','Other'),(300,50,'Erin','Jenkins','1970-04-14','132 DIGBY Road, EXMOUTH, OX171NZ, United Kingdom','Other'),(301,51,'Eva','Spencer','1984-01-05','188 Lime Grove, Shillingford St George, UK','Female'),(302,51,'Joseph','Hughes','2004-08-15','48 St James Road, Huxham, UK','Other'),(303,51,'Eva','Evans','1987-01-02','172 Church Street, Chudleigh, UK','Male'),(304,51,'Georgia','Smith','1976-12-30','60 South Street, Broadhembury, UK','Male'),(305,51,'Eleanor','Hall','1940-10-26','117 Mill Lane, Clyst St George, UK','Female'),(306,51,'Muhammad','Matthews','1997-03-19','124 Short Street, Yarcombe, UK','Other'),(307,52,'Isabella','Williams','1940-08-04','106 West Road, Woodbury Salterton, UK','Male'),(308,52,'Harry','Adams','2004-10-15','74 Maple Avenue, Lympstone, UK','Male'),(309,52,'Sophie','Pearson','2000-06-20','28 College Road, Shillingford Abbot, UK','Male'),(310,52,'Phoebe','Hall','1961-08-14','135 The Close, Dunkeswell, UK','Female'),(311,52,'Jaxon','Lee','2011-04-26','96 Field Road, Christow, UK','Female'),(312,52,'Ella','Chapman','1961-10-26','77 Hawthorn Road, North Tawton, UK','Other'),(313,53,'William','Reynolds','2016-12-29','9 Beacon Hill, Gittisham, UK','Male'),(314,53,'Isla','Young','1973-11-02','15 St Johns Road, Brampford Speke, UK','Other'),(315,53,'George','Pearson','1955-05-17','112 Park Avenue, Aylesbeare, UK','Other'),(316,53,'Hugo','Chapman','2016-12-20','11 Kings Road, Exton, UK','Male'),(317,53,'Lucas','Farrell','1990-11-06','12 Poplar Avenue, Kentisbeare, UK','Male'),(318,53,'Thea','King','1988-09-19','9 St Marks Road, Dalwood, UK','Male'),(319,54,'Zachary','Williams','1958-08-02','193 Queensway, Kennford, UK','Other'),(320,54,'Olivia','Johnson','1966-11-06','62 The Crescent, East Budleigh, UK','Other'),(321,54,'Amelia','Holt','1988-06-30','194 Grosvenor Road, Sidbury, UK','Other'),(322,54,'Archie','Farrell','2004-12-19','191 Park Avenue, Clyst St George, UK','Female'),(323,54,'Charlie','Thompson','1979-03-19','88 School Lane, Chudleigh, UK','Other'),(324,54,'Rosie','Stevens','1975-08-04','163 York Road, Starcross, UK','Female'),(331,56,'Sophia','Barker','1989-12-20','105 St Marys Road, Clyst St Mary, UK','Male'),(332,56,'Jack','Robinson','1971-10-02','153 St Johns Road, Cheriton Bishop, UK','Other'),(333,56,'Reuben','Griffiths','1941-02-08','100 Clarence Road, Beer, UK','Male'),(334,56,'Beatrice','Foster','1961-10-11','44 St Peters Road, Clyst Honiton, UK','Other'),(335,56,'Rory','Harris','1952-06-15','69 Birch Road, Halberton, UK','Female'),(336,56,'Ethan','Thomas','1955-01-01','108 College Road, Willand, UK','Female'),(337,57,'Jessica','Johnson','1972-05-25','185 Oak Road, Silverton, UK','Other'),(338,57,'Charlotte','Stevens','1995-04-29','28 The Street, Stoke Canon, UK','Male'),(339,57,'Teddy','Smith','1975-07-02','98 Grosvenor Road, Dunkeswell, UK','Female'),(340,57,'Mia','Phillips','1978-08-19','35 Beacon Hill, Honiton, UK','Female'),(341,57,'Reuben','Fisher','2002-05-18','81 The Street, Poltimore, UK','Male'),(342,57,'Olivia','James','1966-02-23','163 Castle Street, Weston, UK','Female'),(343,58,'Matilda','Morris','1969-03-27','101 Windmill Lane, Willand, UK','Female'),(344,58,'Henry','Chapman','1957-12-04','47 Queensway, Woodbury, UK','Other'),(345,58,'Sienna','Brown','2005-03-29','54 Beech Road, Salcombe Regis, UK','Female'),(346,58,'Adam','Farrell','1946-03-16','128 Hill Street, Upottery, UK','Male'),(347,58,'Millie','Morgan','1961-09-17','40 Oak Road, Dalwood, UK','Other'),(348,58,'Grace','Young','1946-08-20','123 Farm Lane, Honiton, UK','Other'),(349,59,'Isla','Singh','1985-06-13','140 Orchard Road, Axminster, UK','Male'),(350,59,'Roman','Pearson','2012-11-15','164 West Road, Honiton, UK','Male'),(351,59,'Alfie','Black','1962-04-09','91 Long Lane, Stockland, UK','Male'),(352,59,'Eva','Barnes','1943-12-22','174 St Marks Road, Payhembury, UK','Other'),(353,59,'Isla','Holmes','1969-09-30','3 College Road, Broadclyst, UK','Male'),(354,59,'Mason','Cooper','1985-10-24','143 Court Road, Clyst Honiton, UK','Other'),(355,60,'Annabelle','Powell','1959-10-30','101 Farm Lane, Tipton St John, UK','Female'),(356,60,'Zara','Rose','2001-12-10','89 Fairfield Road, Kenton, UK','Male'),(357,60,'Jessica','Wright','1966-07-03','30 Church Lane, Christow, UK','Other'),(358,60,'Ethan','Davis','1967-12-25','53 Broadway, Stoke Canon, UK','Other'),(359,60,'Jessica','Davis','1982-09-19','185 Kings Road, Uffculme, UK','Other'),(360,60,'Poppy','James','1946-01-10','182 Richmond Road, Teignmouth, UK','Male'),(367,62,'Alfie','Singh','1956-10-09','51 Upper Street, Feniton, UK','Female'),(368,62,'Henry','Clark','2000-03-03','164 Holly Road, Exton, UK','Female'),(369,62,'Emma','Griffiths','1994-11-04','30 Field Road, Harberton, UK','Female'),(370,62,'Jaxon','Murphy','1995-05-21','181 The Green, Upottery, UK','Female'),(371,62,'Rosie','Rose','1947-08-09','81 Old Road, Ide, UK','Male'),(372,62,'Theo','Allen','1950-06-29','178 The Grove, Tipton St John, UK','Male'),(373,63,'Daisy','Griffiths','1977-07-09','148 Valley Road, Ide, UK','Female'),(374,63,'Grace','Patel','1983-08-30','178 Harbour Road, Lympstone, UK','Other'),(375,63,'Edward','Foster','1954-12-20','36 Holly Road, Uffculme, UK','Male'),(376,63,'Zachary','Barker','1995-07-27','3 London Road, Ottery St Mary, UK','Female'),(377,63,'Archie','Jackson','2013-02-18','130 Meadow Lane, Budleigh Salterton, UK','Other'),(378,63,'Charlotte','Cook','2001-06-05','182 Holly Road, Axminster, UK','Female'),(379,64,'Isabella','Harris','1947-06-01','195 St Marks Road, Starcross, UK','Male'),(380,64,'Adam','Taylor','1964-08-28','74 Bridge Street, Lympstone, UK','Male'),(381,64,'Ella','Chapman','2006-08-12','131 Cavendish Road, Woodbury Salterton, UK','Male'),(382,64,'Matilda','Walker','1964-01-13','139 St James Road, West Hill, UK','Male'),(383,64,'Georgia','Berry','1979-08-06','109 St James Road, Bow, UK','Male'),(384,64,'Imogen','Reynolds','2007-05-29','9 Elm Road, Halberton, UK','Female'),(385,65,'Mason','Davis','2017-05-08','31 Queen Street, Uffculme, UK','Male'),(386,65,'Arthur','Spencer','1992-09-29','182 Orchard Road, Honiton, UK','Other'),(387,65,'Maya','Shaw','1954-11-21','53 River Street, Ide, UK','Male'),(388,65,'Muhammad','Chapman','1971-06-22','153 West Road, Willand, UK','Other'),(389,65,'Joseph','Scott','2003-03-01','147 Clarence Road, Tiverton, UK','Female'),(390,65,'Daisy','Holt','2013-02-17','193 Kings Road, Ide, UK','Female'),(391,66,'Muhammad','King','2017-10-14','180 Beacon Hill, Alphington, UK','Male'),(392,66,'Harrison','Green','2003-10-27','195 York Road, Silverton, UK','Other'),(393,66,'Olivia','Khan','1952-10-02','69 St Peters Road, Broadhembury, UK','Other'),(394,66,'Ava','Young','1980-07-19','197 Manor Road, Talaton, UK','Male'),(395,66,'Isla','Simpson','2007-04-08','95 Maple Avenue, Weston, UK','Female'),(396,66,'Isabella','Scott','1992-03-17','24 High Street, Shute, UK','Other'),(397,67,'Ella','Lawrence','1999-08-01','17 Hawthorn Road, Ottery St Mary, UK','Other'),(398,67,'Olivia','Martin','1978-07-18','69 Mill Lane, Aylesbeare, UK','Female'),(399,67,'Sebastian','Watson','1989-02-06','145 St Peters Road, Alphington, UK','Female'),(400,67,'Luca','Jenkins','2008-05-20','26 London Road, Teignmouth, UK','Other'),(401,67,'Ella','Williams','1951-02-23','117 The Crescent, Uffculme, UK','Male'),(402,67,'Grace','Wood','2001-10-10','78 North Street, Kilmington, UK','Male'),(403,68,'Arlo','Robinson','1998-09-22','22 Upper Street, Killerton, UK','Female'),(404,68,'Lottie','Reynolds','1954-11-06','161 London Road, Seaton, UK','Female'),(405,68,'Beatrice','Pearson','2007-10-03','168 School Lane, Uplyme, UK','Male'),(406,68,'Eleanor','Thompson','1940-02-05','20 Mill Lane, Poltimore, UK','Male'),(407,68,'Harper','Cooper','1986-08-08','3 New Street, Uffculme, UK','Male'),(408,68,'Heidi','Watson','2013-04-22','178 West Street, Uplyme, UK','Male'),(409,69,'Jessica','Johnson','1960-07-16','188 Meadow Lane, Cheriton Bishop, UK','Male'),(410,69,'Alfie','James','1972-12-22','98 Richmond Road, Ide, UK','Male'),(411,69,'Eva','Holt','1952-10-25','145 Green Lane, Exton, UK','Male'),(412,69,'Rosie','Reynolds','1954-09-21','185 Manor Lane, Honiton, UK','Male'),(413,69,'Maya','Burton','1953-07-31','176 Hill Street, Yarcombe, UK','Female'),(414,69,'Lucas','Robinson','1949-01-05','32 South Street, Farway, UK','Other'),(415,70,'Hannah','Griffiths','1971-07-16','36 Park Lane, Bradninch, UK','Male'),(416,70,'Arlo','Webb','1947-07-23','154 Elm Road, Woodbury Salterton, UK','Other'),(417,70,'Beatrice','Fisher','1965-07-24','169 Orchard Road, Starcross, UK','Female'),(418,70,'Arthur','Ellis','1994-06-13','192 North Road, Crediton, UK','Female'),(419,70,'Adam','Webb','1944-11-23','99 Chapel Street, Aylesbeare, UK','Male'),(420,70,'Theo','Marshall','1997-03-30','136 Valley Road, Chudleigh, UK','Male'),(421,71,'Roman','James','1951-11-03','108 Meadow Lane, East Budleigh, UK','Female'),(422,71,'Florence','Jenkins','1955-07-02','198 Summerhill Road, Brampford Speke, UK','Male'),(423,71,'Harry','Rose','1946-01-21','56 Station Road, Cullompton, UK','Male'),(424,71,'Muhammad','Mitchell','1985-06-13','183 Springfield Road, Broadhembury, UK','Other'),(425,71,'Ava','Shaw','2002-12-17','164 Hill Road, Christow, UK','Other'),(426,71,'Freya','Barnes','1953-09-12','80 Maple Avenue, Christow, UK','Male'),(427,72,'Daisy','Turner','2012-06-29','84 The Avenue, Lympstone, UK','Female'),(428,72,'Harper','Lawrence','2008-06-21','165 Beacon Hill, Monkton, UK','Male'),(429,72,'Dylan','Pearson','1979-04-01','15 Acacia Avenue, Bickleigh, UK','Male'),(430,72,'James','Collins','1950-05-28','156 Lime Grove, Yarcombe, UK','Male'),(431,72,'Dylan','Graham','2006-07-16','45 Long Lane, Musbury, UK','Male'),(432,72,'George','Fox','1952-04-23','42 Hawthorn Road, Topsham, UK','Female'),(439,74,'Logan','Spencer','1985-08-25','4 High Street, Teignmouth, UK','Male'),(440,74,'Noah','Cox','1972-08-26','46 Meadow Lane, Kenton, UK','Male'),(441,74,'Sienna','Gibson','2006-06-13','58 Beacon Hill, Axminster, UK','Female'),(442,74,'Harrison','Carter','2004-08-14','20 George Street, Kentisbeare, UK','Other'),(443,74,'Toby','White','1985-01-14','46 Old Road, Bishopsteignton, UK','Male'),(444,74,'Alice','Davies','1975-12-20','73 Green Lane, Rewe, UK','Female'),(445,75,'Reuben','Robinson','1989-08-14','95 Lime Grove, Topsham, UK','Male'),(446,75,'Adam','Chapman','2010-05-19','160 Richmond Road, Musbury, UK','Male'),(447,75,'Lily','Bennett','1993-01-30','188 Cavendish Road, Copplestone, UK','Other'),(448,75,'Georgia','Morris','1953-07-04','7 High Street, Beer, UK','Male'),(449,75,'Florence','Davis','1997-01-19','86 Orchard Road, Topsham, UK','Male'),(450,75,'Georgia','Lloyd','1973-10-03','79 Castle Street, Shute, UK','Male'),(451,76,'Arthur','Adams','1961-05-14','16 Church Lane, Huxham, UK','Male'),(452,76,'Luna','King','1948-05-06','134 Park Road, Thorverton, UK','Female'),(453,76,'Heidi','Bennett','1981-02-16','149 Court Road, Christow, UK','Male'),(454,76,'Sophie','Hughes','1997-03-02','152 Field Road, Chudleigh, UK','Other'),(455,76,'Muhammad','Collins','1999-06-06','75 North Street, Bickleigh, UK','Female'),(456,76,'Zachary','Mitchell','2002-11-12','82 Castle Street, Feniton, UK','Female'),(457,77,'Finley','Hill','1946-09-13','200 The Street, Ide, UK','Other'),(458,77,'Alfie','Hall','1949-06-24','120 The Drive, Burlescombe, UK','Female'),(459,77,'Emily','White','1988-01-30','116 Lower Road, Morchard Bishop, UK','Female'),(460,77,'Lily','Clark','2016-06-24','41 West Street, Cheriton Bishop, UK','Other'),(461,77,'Teddy','Fox','2002-07-09','56 Riverside, Teignmouth, UK','Female'),(462,77,'Ethan','Robinson','2003-10-20','102 Elm Road, Ottery St Mary, UK','Other'),(463,78,'Charlie','Holt','1966-10-23','8 Cedar Road, Shillingford Abbot, UK','Female'),(464,78,'Poppy','Foster','2007-02-11','25 St Johns Road, Silverton, UK','Female'),(465,78,'Alfie','Hughes','1950-11-23','200 Station Road, Newton Abbot, UK','Male'),(466,78,'Freddie','Wood','2013-11-23','176 Hill Road, Tipton St John, UK','Other'),(467,78,'Eva','Roberts','1992-03-29','20 Queensway, Cullompton, UK','Male'),(468,78,'Thomas','Wood','1997-12-14','24 Manor Lane, Alphington, UK','Female'),(469,79,'Joshua','Davies','1981-05-10','147 London Road, Shillingford St George, UK','Female'),(470,79,'Beatrice','Mitchell','1984-07-05','175 Church Road, Sidmouth, UK','Female'),(471,79,'Edward','Parker','1959-04-06','72 The Grove, Willand, UK','Female'),(472,79,'Isaac','Taylor','1995-02-04','63 Market Street, Yarcombe, UK','Other'),(473,79,'Adam','Marshall','1976-12-17','16 St Johns Road, Poltimore, UK','Male'),(474,79,'Arlo','Griffiths','1952-04-23','165 Church Lane, Copplestone, UK','Other'),(475,80,'Harrison','Thomson','2011-12-19','98 St James Road, Exminster, UK','Other'),(476,80,'Jaxon','Richards','1988-11-06','145 Holly Road, Honiton, UK','Other'),(477,80,'Reuben','Griffiths','1964-04-05','82 The Grove, Starcross, UK','Other'),(478,80,'Mohammed','Brown','2012-09-23','121 Maple Avenue, Newton Abbot, UK','Other'),(479,80,'Jaxon','Black','1992-05-23','26 School Lane, Mamhead, UK','Male'),(480,80,'Aria','Ward','1963-11-29','15 West Road, Musbury, UK','Male'),(481,81,'Matilda','Griffiths','1971-10-31','61 The Green, Shillingford Abbot, UK','Other'),(482,81,'Zachary','Spencer','2002-08-02','8 Lower Road, Harberton, UK','Other'),(483,81,'Heidi','Parker','1990-12-04','145 St Marks Road, Kennford, UK','Male'),(484,81,'Charlotte','Begum','1967-09-23','10 The Green, Huxham, UK','Male'),(485,81,'Muhammad','Hill','1993-12-23','135 Bridge Street, Exminster, UK','Female'),(486,81,'Oliver','Phillips','1995-02-04','88 The Street, Alphington, UK','Other'),(487,82,'Edward','Scott','1945-05-05','151 Main Road, Kennford, UK','Other'),(488,82,'Ethan','Walker','2015-12-10','19 East Road, West Hill, UK','Female'),(489,82,'Eleanor','Lloyd','1975-06-28','87 Queensway, Cranbrook, UK','Female'),(490,82,'Reuben','Hughes','1954-02-17','164 Acacia Avenue, Lyme Regis, UK','Female'),(491,82,'Erin','James','1955-08-18','178 Sycamore Road, Budleigh Salterton, UK','Other'),(492,82,'Jaxon','Cooper','1999-09-16','97 Queensway, Shillingford Abbot, UK','Female'),(493,83,'Hannah','Farrell','1966-06-03','187 North Street, Shillingford Abbot, UK','Male'),(494,83,'Heidi','Powell','1975-02-17','47 St Marks Road, Dawlish, UK','Other'),(495,83,'Zachary','Barnes','1959-10-26','27 Harbour Road, East Budleigh, UK','Female'),(496,83,'Ethan','Phillips','2006-11-13','89 Manor Road, Bickleigh, UK','Female'),(497,83,'Joseph','Lawrence','1947-12-17','164 Sycamore Road, Stockland, UK','Other'),(498,83,'Hugo','Barker','1941-01-08','64 Cedar Road, Morchard Bishop, UK','Other'),(499,84,'Thomas','Davis','1963-01-10','1 Kingsway, Whitford, UK','Male'),(500,84,'Amelia','Bell','2005-09-21','106 Church Lane, Shillingford St George, UK','Female'),(501,84,'Rory','Davis','1988-12-26','123 Windmill Lane, Cranbrook, UK','Other'),(502,84,'Erin','Moss','2001-08-24','116 Bridge Street, Mamhead, UK','Male'),(503,84,'Jacob','Harrison','1941-10-19','27 George Street, Cullompton, UK','Male'),(504,84,'Luca','Harris','1973-09-07','20 The Crescent, Shute, UK','Other'),(505,85,'James','Watson','1993-04-17','181 River Street, Poltimore, UK','Male'),(506,85,'Sophia','Reynolds','1954-10-20','41 Riverside, Lyme Regis, UK','Male'),(507,85,'Leo','Phillips','1958-06-10','179 The Close, Beer, UK','Other'),(508,85,'Beatrice','Owen','1988-06-15','73 Cedar Road, Dalwood, UK','Female'),(509,85,'Theo','Thompson','1944-06-14','141 Field Road, Otterton, UK','Female'),(510,85,'Isaac','Wilson','1972-05-15','23 High Street, Uplyme, UK','Female'),(511,86,'Aria','Thomson','1993-11-05','25 Willow Road, Copplestone, UK','Male'),(512,86,'Arthur','Harris','1997-04-03','122 Clarence Road, Christow, UK','Male'),(513,86,'Dylan','Mitchell','1982-04-01','68 Holly Road, Dalwood, UK','Male'),(514,86,'Eva','Begum','1974-10-07','98 The Grove, Tipton St John, UK','Female'),(515,86,'Samuel','Barker','1944-01-02','120 Cedar Road, Uffculme, UK','Female'),(516,86,'Mohammed','Lee','1990-08-15','193 Victoria Road, Kenton, UK','Other'),(517,87,'Lottie','Thompson','1947-09-09','139 Short Street, Honiton, UK','Female'),(518,87,'Ivy','Rose','1960-05-30','100 St Johns Road, Newton Abbot, UK','Other'),(519,87,'Ava','Singh','2001-08-21','61 Poplar Avenue, Otterton, UK','Female'),(520,87,'Teddy','Roberts','1975-06-02','129 Firs Avenue, Dawlish, UK','Other'),(521,87,'Alice','Powell','2000-10-13','31 Market Street, Kennford, UK','Female'),(522,87,'Edward','Harris','1959-01-04','11 The Close, Alphington, UK','Female'),(529,89,'Emily','Clark','1974-05-13','147 Beacon Hill, Huxham, UK','Other'),(530,89,'Evie','Taylor','1955-06-13','37 Maple Avenue, Colyton, UK','Other'),(531,89,'Chloe','Jenkins','2002-03-25','102 Hill Road, Dawlish, UK','Female'),(532,89,'Annabelle','Ward','1944-06-03','69 Court Road, Brampford Speke, UK','Female'),(533,89,'Harry','Watson','2013-05-01','72 Richmond Road, Sampford Peverell, UK','Female'),(534,89,'Heidi','Jenkins','1948-10-23','77 School Lane, Ide, UK','Other'),(535,90,'Mia','Scott','1964-03-03','155 Acacia Avenue, Axminster, UK','Other'),(536,90,'James','Jackson','1979-08-18','190 Mill Lane, Beer, UK','Female'),(537,90,'Georgia','Ellis','2017-10-19','132 Broad Lane, Newton Abbot, UK','Male'),(538,90,'Thomas','Allen','2003-08-29','35 Fairfield Road, Colyton, UK','Other'),(539,90,'Elsie','Brown','1955-08-03','15 The Close, Copplestone, UK','Male'),(540,90,'Jacob','Murphy','1944-07-14','51 Upper Street, Salcombe Regis, UK','Female'),(541,91,'Toby','Miller','1985-04-25','32 Field Road, Talaton, UK','Other'),(542,91,'Jack','Ward','1973-05-31','115 Holly Road, Honiton, UK','Male'),(543,91,'Evie','Rose','1989-06-18','42 Broad Street, Honiton, UK','Female'),(544,91,'Elizabeth','Farrell','1948-02-09','99 Springfield Road, Starcross, UK','Male'),(545,91,'Alexander','Powell','2009-12-17','166 Mill Lane, North Tawton, UK','Male'),(546,91,'Zara','Turner','1964-02-21','132 Beacon Hill, Beer, UK','Male'),(547,92,'Thea','Jones','1982-07-14','45 North Street, Payhembury, UK','Other'),(548,92,'George','Cooper','1962-08-23','183 Riverside, Sampford Peverell, UK','Other'),(549,92,'Eva','King','1978-01-08','118 Windmill Lane, Honiton, UK','Female'),(550,92,'Lucas','Miller','1967-02-08','160 Old Road, Clyst Honiton, UK','Female'),(551,92,'Ruby','Wright','1940-08-28','96 North Road, Dalwood, UK','Other'),(552,92,'Eva','Stevens','1994-08-22','176 Springfield Road, Halberton, UK','Male'),(553,93,'Jessica','Thomas','1970-03-03','84 Maple Avenue, Talaton, UK','Female'),(554,93,'Mason','Reynolds','2003-10-18','49 Beacon Hill, Halberton, UK','Male'),(555,93,'Alice','Moss','1961-07-23','104 Victoria Road, Honiton, UK','Other'),(556,93,'Zachary','Jenkins','1952-07-21','168 Ash Road, Starcross, UK','Female'),(557,93,'Adam','Clark','1977-07-20','189 Hill Road, Sidbury, UK','Male'),(558,93,'Ruby','Fox','1991-04-27','186 The Close, Rockbeare, UK','Other'),(565,95,'Charlie','Lawrence','1992-05-09','19 Prospect Road, Dunkeswell, UK','Female'),(566,95,'Max','Anderson','1950-10-01','136 New Street, Sidmouth, UK','Female'),(567,95,'Emily','Wilson','2018-02-15','52 The Avenue, Ide, UK','Female'),(568,95,'Emily','Chapman','1981-01-18','184 East Street, Bradninch, UK','Male'),(569,95,'William','Khan','1969-11-03','81 Market Road, Shillingford Abbot, UK','Other'),(570,95,'Muhammad','Smith','1980-07-21','195 Maple Avenue, Morchard Bishop, UK','Male'),(577,97,'Dylan','Harris','1945-11-09','75 Park Road, Halberton, UK','Female'),(578,97,'Hannah','Ellis','1993-07-02','112 East Road, Rockbeare, UK','Other'),(579,97,'Archie','Watson','1983-12-23','49 Lower Road, Farway, UK','Male'),(580,97,'Isla','Williams','1960-06-28','34 Bridge Street, Shute, UK','Male'),(581,97,'Hannah','Williams','1992-11-26','32 Fairfield Road, Shillingford St George, UK','Female'),(582,97,'Luna','Reynolds','2011-01-24','164 Church Street, Sidmouth, UK','Female'),(583,98,'Freya','Matthews','1944-05-11','170 Valley Road, Bishopsteignton, UK','Male'),(584,98,'Erin','Williams','1944-04-29','107 Orchard Road, Pinhoe, UK','Female'),(585,98,'Rory','White','1989-02-05','180 Oak Road, Brampford Speke, UK','Male'),(586,98,'Arthur','Farrell','2001-07-09','78 Market Road, Topsham, UK','Female'),(587,98,'Aria','Thompson','1999-06-08','160 South Road, Kentisbeare, UK','Other'),(588,98,'Heidi','Hughes','1977-07-29','185 Kingsway, Clyst St Mary, UK','Other'),(589,99,'Joshua','Baker','1950-03-24','51 Kingsway, Aylesbeare, UK','Other'),(590,99,'Daniel','Clark','2014-08-06','92 South Road, Copplestone, UK','Other'),(591,99,'Emily','Harrison','1954-05-22','128 Park Road, Woodbury Salterton, UK','Male'),(592,99,'Annabelle','Richards','1969-08-29','4 Chapel Street, Exeter, UK','Other'),(593,99,'James','Walker','2014-12-06','127 St Peters Road, Stockland, UK','Male'),(594,99,'James','Simpson','1946-09-25','26 Ash Road, Whitford, UK','Female'),(595,100,'Eva','Hill','1980-12-22','119 Clarence Road, Cullompton, UK','Male'),(596,100,'Leo','Clarke','2018-06-03','93 Park Road, Tiverton, UK','Other'),(597,100,'Zachary','Shaw','2006-04-04','195 New Road, Cranbrook, UK','Male'),(598,100,'George','Hughes','1999-07-06','85 Sea View Road, Shillingford St George, UK','Female'),(599,100,'Mia','Matthews','1964-01-26','96 Acacia Avenue, Cheriton Bishop, UK','Female'),(600,100,'Samuel','Walker','1975-12-15','70 Hill Road, Stoke Canon, UK','Female'),(602,10,'John','Walker','1988-03-12','12 Marine Road, Exeter, EX21AB','Male');
/*!40000 ALTER TABLE `Patient` ENABLE KEYS */;
UNLOCK TABLES;

--
-- Table structure for table `Prescription`
--

DROP TABLE IF EXISTS `Prescription`;
/*!40101 SET @saved_cs_client     = @@character_set_client */;
/*!50503 SET character_set_client = utf8mb4 */;
CREATE TABLE `Prescription` (
  `prescription_id` int NOT NULL AUTO_INCREMENT,
  `patient_id` int NOT NULL,
  `doctor_id` int NOT NULL,
  `medication_id` int NOT NULL,
  `prescribed_date` date NOT NULL,
  `dose_value` int DEFAULT NULL,
  `dose_units` varchar(50) DEFAULT NULL,
  `dose_instructions` varchar(255) DEFAULT NULL,
  `duration_days` int DEFAULT NULL,
  `route` varchar(150) NOT NULL,
  PRIMARY KEY (`prescription_id`),
  KEY `patient_id` (`patient_id`),
  KEY `doctor_id` (`doctor_id`),
  KEY `medication_id` (`medication_id`),
  CONSTRAINT `prescription_ibfk_1` FOREIGN KEY (`patient_id`) REFERENCES `Patient` (`patient_id`) ON DELETE CASCADE ON UPDATE CASCADE,
  CONSTRAINT `prescription_ibfk_2` FOREIGN KEY (`doctor_id`) REFERENCES `Doctor` (`doctor_id`) ON DELETE CASCADE ON UPDATE CASCADE,
  CONSTRAINT `prescription_ibfk_3` FOREIGN KEY (`medication_id`) REFERENCES `Medication` (`medication_id`) ON DELETE CASCADE ON UPDATE CASCADE
) ENGINE=InnoDB AUTO_INCREMENT=501 DEFAULT CHARSET=utf8mb4 COLLATE=utf8mb4_0900_ai_ci;
/*!40101 SET character_set_client = @saved_cs_client */;

--
-- Dumping data for table `Prescription`
--

LOCK TABLES `Prescription` WRITE;
/*!40000 ALTER TABLE `Prescription` DISABLE KEYS */;
INSERT INTO `Prescription` VALUES (1,299,50,36,'2024-06-15',192,'mg','OD',14,'Subcutaneous'),(2,144,24,27,'2025-08-14',131,'puffs','BD',14,'Oral'),(3,403,68,14,'2024-08-20',423,'mcg','Once weekly',28,'Oral'),(4,425,71,3,'2024-02-22',429,'puffs','OD',30,'Subcutaneous'),(5,517,87,9,'2024-07-09',3,'puffs','Once weekly',7,'Intravenous'),(6,444,74,38,'2024-07-25',474,'puffs','BD',90,'Inhaled'),(7,132,22,7,'2024-10-31',337,'puffs','PRN',28,'Intravenous'),(8,394,66,27,'2024-03-18',469,'mcg','TDS',30,'Topical'),(9,302,51,29,'2025-07-18',71,'units','PRN',90,'Topical'),(11,215,36,40,'2025-02-07',352,'g','Once weekly',14,'Inhaled'),(12,516,86,35,'2023-12-22',327,'g','Once weekly',7,'Topical'),(15,58,10,13,'2025-03-03',385,'mcg','TDS',28,'Inhaled'),(16,64,11,19,'2025-05-07',386,'puffs','OD',28,'Subcutaneous'),(17,105,18,40,'2024-01-10',379,'puffs','BD',90,'Subcutaneous'),(18,244,41,33,'2023-12-20',148,'mg','QDS',30,'Subcutaneous'),(19,321,54,36,'2025-10-07',7,'g','BD',90,'Subcutaneous'),(20,231,39,24,'2024-04-08',280,'puffs','BD',14,'Topical'),(21,460,77,12,'2024-01-02',39,'mcg','BD',90,'Oral'),(22,387,65,3,'2024-09-19',143,'puffs','TDS',14,'Inhaled'),(23,599,100,17,'2025-11-26',170,'units','Once weekly',14,'Oral'),(24,158,27,21,'2024-03-30',27,'puffs','Once weekly',28,'Subcutaneous'),(25,587,98,36,'2024-11-30',38,'g','PRN',14,'Inhaled'),(26,534,89,5,'2024-07-02',82,'units','PRN',90,'Subcutaneous'),(27,95,16,23,'2025-04-19',453,'mcg','Once weekly',28,'Topical'),(28,370,62,19,'2025-04-22',487,'puffs','PRN',30,'Intravenous'),(29,10,2,8,'2024-01-17',178,'units','BD',90,'Intravenous'),(30,250,42,3,'2024-01-03',454,'g','QDS',7,'Subcutaneous'),(31,263,44,35,'2025-02-15',13,'puffs','TDS',90,'Intravenous'),(32,457,77,32,'2025-10-18',152,'mcg','TDS',90,'Oral'),(33,99,17,11,'2024-05-30',274,'mg','Once weekly',7,'Inhaled'),(34,219,37,28,'2025-08-17',106,'puffs','Once weekly',30,'Oral'),(35,158,27,2,'2024-08-18',368,'g','OD',7,'Oral'),(36,56,10,12,'2025-03-19',286,'mg','PRN',14,'Topical'),(37,418,70,25,'2024-08-27',323,'units','QDS',28,'Oral'),(38,399,67,8,'2024-06-02',4,'puffs','OD',90,'Oral'),(39,75,13,23,'2024-07-05',55,'g','Once weekly',28,'Intravenous'),(40,89,15,19,'2024-09-09',196,'units','Once weekly',7,'Subcutaneous'),(41,161,27,35,'2025-04-20',70,'units','PRN',28,'Inhaled'),(42,306,51,24,'2025-11-20',284,'puffs','BD',7,'Oral'),(43,6,1,37,'2024-03-31',202,'puffs','PRN',7,'Topical'),(44,216,36,23,'2025-04-29',212,'puffs','BD',14,'Inhaled'),(45,227,38,40,'2025-03-18',100,'mg','BD',90,'Oral'),(47,101,17,13,'2024-04-16',250,'g','TDS',14,'Inhaled'),(48,103,18,19,'2024-03-07',36,'mcg','TDS',30,'Subcutaneous'),(49,337,57,40,'2024-01-26',157,'puffs','BD',90,'Intravenous'),(50,374,63,21,'2024-09-19',87,'mg','TDS',14,'Inhaled'),(51,447,75,18,'2024-11-28',69,'g','QDS',30,'Subcutaneous'),(52,368,62,20,'2024-07-21',283,'mg','BD',90,'Oral'),(53,288,48,9,'2024-05-29',101,'g','Once weekly',7,'Oral'),(54,20,4,33,'2024-02-24',16,'puffs','PRN',30,'Intravenous'),(55,218,37,3,'2024-05-16',134,'puffs','PRN',30,'Inhaled'),(56,375,63,26,'2025-04-17',457,'puffs','Once weekly',28,'Inhaled'),(57,476,80,33,'2024-06-27',47,'units','TDS',90,'Oral'),(58,245,41,40,'2024-01-01',85,'puffs','BD',30,'Inhaled'),(59,184,31,37,'2024-05-01',338,'mcg','Once weekly',30,'Topical'),(60,42,7,15,'2024-07-20',119,'mg','TDS',28,'Inhaled'),(61,44,8,14,'2024-06-19',465,'g','QDS',30,'Subcutaneous'),(62,48,8,3,'2024-02-06',166,'mg','Once weekly',90,'Topical'),(64,80,14,34,'2025-03-19',193,'mcg','PRN',30,'Topical'),(65,354,59,32,'2024-07-26',455,'puffs','OD',90,'Inhaled'),(66,451,76,11,'2025-04-10',40,'puffs','Once weekly',28,'Inhaled'),(67,154,26,12,'2025-06-23',186,'puffs','Once weekly',7,'Inhaled'),(68,425,71,22,'2025-08-07',247,'units','QDS',14,'Intravenous'),(69,166,28,27,'2025-11-09',125,'mg','BD',90,'Intravenous'),(70,165,28,9,'2024-02-26',263,'mg','PRN',14,'Oral'),(71,171,29,17,'2025-05-31',265,'units','PRN',90,'Oral'),(72,291,49,6,'2025-04-24',230,'puffs','QDS',30,'Inhaled'),(73,225,38,27,'2024-03-26',74,'puffs','BD',90,'Intravenous'),(74,271,46,11,'2023-12-30',176,'units','PRN',90,'Oral'),(76,517,87,27,'2025-07-01',311,'mg','BD',30,'Intravenous'),(77,40,7,35,'2024-07-04',386,'mg','OD',30,'Inhaled'),(78,553,93,1,'2024-01-07',333,'units','PRN',30,'Topical'),(79,45,8,34,'2024-09-18',118,'units','QDS',28,'Intravenous'),(80,590,99,7,'2024-09-22',69,'g','QDS',14,'Oral'),(81,291,49,39,'2024-05-24',210,'g','BD',7,'Oral'),(82,592,99,34,'2025-08-03',267,'mg','QDS',14,'Topical'),(83,419,70,24,'2025-08-14',80,'units','Once weekly',90,'Topical'),(85,209,35,27,'2024-05-15',402,'puffs','QDS',14,'Topical'),(87,142,24,8,'2025-04-10',229,'mcg','OD',14,'Intravenous'),(88,411,69,22,'2024-05-17',315,'mg','BD',30,'Oral'),(89,94,16,10,'2024-08-06',475,'puffs','QDS',7,'Oral'),(91,534,89,19,'2023-12-04',494,'puffs','OD',14,'Subcutaneous'),(92,450,75,1,'2025-05-09',436,'puffs','TDS',14,'Oral'),(94,245,41,1,'2025-06-23',45,'g','QDS',28,'Subcutaneous'),(95,416,70,38,'2025-05-10',266,'mg','Once weekly',7,'Oral'),(97,232,39,39,'2025-05-16',233,'units','PRN',7,'Topical'),(98,180,30,27,'2024-07-01',55,'puffs','OD',90,'Topical'),(99,349,59,8,'2024-06-24',490,'g','PRN',90,'Topical'),(100,454,76,25,'2024-05-04',248,'mcg','TDS',30,'Subcutaneous'),(101,29,5,31,'2025-08-04',133,'mg','QDS',14,'Inhaled'),(102,324,54,27,'2024-12-05',265,'puffs','OD',28,'Inhaled'),(103,295,50,6,'2024-10-19',345,'g','OD',90,'Inhaled'),(104,488,82,21,'2024-12-04',112,'puffs','TDS',14,'Inhaled'),(105,511,86,13,'2025-04-05',377,'mcg','TDS',14,'Inhaled'),(106,208,35,16,'2024-03-08',183,'mcg','OD',7,'Oral'),(107,505,85,40,'2025-11-25',392,'puffs','OD',30,'Topical'),(108,323,54,32,'2024-04-22',445,'g','QDS',14,'Intravenous'),(109,287,48,26,'2025-04-18',385,'puffs','BD',7,'Intravenous'),(111,469,79,8,'2023-12-17',266,'units','TDS',7,'Oral'),(112,216,36,25,'2024-04-16',52,'g','TDS',90,'Topical'),(113,192,32,36,'2025-03-07',122,'g','QDS',90,'Topical'),(114,375,63,12,'2024-07-09',218,'mcg','QDS',28,'Topical'),(115,411,69,18,'2024-08-27',93,'puffs','BD',90,'Inhaled'),(116,103,18,18,'2025-04-04',285,'units','QDS',14,'Inhaled'),(117,154,26,31,'2025-11-22',91,'units','QDS',14,'Intravenous'),(118,547,92,21,'2024-07-21',154,'g','PRN',90,'Oral'),(119,408,68,7,'2023-12-25',84,'mg','BD',28,'Subcutaneous'),(120,99,17,29,'2024-12-24',134,'g','TDS',90,'Intravenous'),(121,264,44,23,'2025-11-11',211,'mg','TDS',90,'Inhaled'),(122,591,99,37,'2024-02-05',333,'puffs','BD',28,'Topical'),(123,333,56,33,'2024-07-20',397,'units','OD',30,'Intravenous'),(124,294,49,30,'2024-02-24',490,'mcg','BD',28,'Subcutaneous'),(125,586,98,26,'2025-09-19',41,'mcg','TDS',14,'Topical'),(127,456,76,24,'2024-04-09',267,'units','QDS',14,'Inhaled'),(128,24,4,9,'2025-04-05',339,'g','Once weekly',7,'Inhaled'),(129,171,29,26,'2025-08-18',49,'mg','QDS',90,'Oral'),(130,27,5,26,'2024-06-13',392,'mg','OD',28,'Intravenous'),(131,160,27,6,'2024-01-31',477,'units','TDS',14,'Inhaled'),(132,291,49,29,'2024-02-29',65,'mcg','PRN',14,'Oral'),(133,36,6,23,'2025-01-02',443,'units','QDS',90,'Topical'),(135,468,78,37,'2024-09-12',269,'puffs','TDS',28,'Subcutaneous'),(136,553,93,15,'2025-09-01',227,'g','TDS',30,'Topical'),(137,160,27,20,'2025-11-21',1,'puffs','BD',28,'Topical'),(138,481,81,35,'2025-11-23',353,'units','QDS',28,'Oral'),(139,441,74,19,'2024-03-30',119,'mg','PRN',28,'Inhaled'),(140,422,71,36,'2024-09-10',203,'mcg','BD',30,'Subcutaneous'),(141,226,38,17,'2025-09-11',217,'mcg','PRN',90,'Topical'),(142,292,49,35,'2025-03-01',212,'mcg','OD',14,'Inhaled'),(143,297,50,8,'2024-02-18',234,'puffs','QDS',28,'Intravenous'),(144,504,84,13,'2025-01-07',10,'mcg','OD',90,'Oral'),(145,191,32,7,'2025-02-16',138,'mcg','Once weekly',30,'Oral'),(147,320,54,32,'2024-11-16',238,'mg','TDS',7,'Inhaled'),(148,58,10,18,'2024-10-26',37,'puffs','QDS',14,'Inhaled'),(149,257,43,25,'2025-11-19',63,'mcg','QDS',30,'Inhaled'),(150,35,6,13,'2024-08-17',377,'mg','PRN',14,'Subcutaneous'),(151,399,67,20,'2025-01-05',82,'mg','Once weekly',90,'Intravenous'),(152,126,21,17,'2024-07-27',327,'g','BD',28,'Oral'),(153,224,38,8,'2025-04-04',325,'units','TDS',7,'Inhaled'),(154,283,48,38,'2025-08-01',203,'mcg','OD',7,'Intravenous'),(155,487,82,39,'2025-06-26',191,'mg','BD',14,'Subcutaneous'),(156,94,16,40,'2024-12-20',477,'mg','OD',28,'Inhaled'),(157,550,92,7,'2025-07-26',250,'mcg','TDS',90,'Topical'),(158,450,75,13,'2025-11-10',353,'units','TDS',14,'Topical'),(159,41,7,32,'2023-12-09',225,'puffs','TDS',90,'Subcutaneous'),(160,195,33,37,'2025-05-24',279,'g','TDS',30,'Topical'),(161,568,95,11,'2025-09-22',272,'mcg','QDS',28,'Topical'),(162,555,93,24,'2024-08-24',1,'puffs','QDS',14,'Oral'),(163,373,63,40,'2025-04-01',165,'mg','Once weekly',90,'Subcutaneous'),(164,195,33,34,'2024-01-02',255,'puffs','BD',90,'Topical'),(165,331,56,27,'2024-02-14',165,'mg','OD',90,'Oral'),(166,45,8,9,'2025-06-02',448,'mg','BD',7,'Subcutaneous'),(167,197,33,7,'2025-10-30',293,'units','Once weekly',30,'Intravenous'),(168,263,44,4,'2024-11-21',114,'puffs','Once weekly',7,'Oral'),(169,214,36,32,'2025-09-11',240,'mg','TDS',90,'Subcutaneous'),(170,378,63,4,'2024-03-10',137,'puffs','OD',7,'Topical'),(171,80,14,14,'2024-06-18',50,'mg','Once weekly',14,'Intravenous'),(172,395,66,13,'2025-05-18',270,'mcg','PRN',14,'Intravenous'),(174,107,18,11,'2025-05-31',282,'units','PRN',28,'Inhaled'),(175,547,92,39,'2024-09-04',478,'g','TDS',90,'Topical'),(176,381,64,27,'2024-02-22',221,'g','PRN',14,'Intravenous'),(178,464,78,29,'2024-10-21',1,'mg','TDS',90,'Oral'),(179,531,89,9,'2025-01-26',4,'g','BD',14,'Topical'),(180,23,4,18,'2024-05-14',262,'puffs','PRN',90,'Inhaled'),(181,97,17,3,'2024-08-17',183,'mcg','BD',28,'Topical'),(182,597,100,16,'2025-04-07',132,'g','OD',90,'Subcutaneous'),(183,583,98,14,'2025-09-13',371,'g','QDS',14,'Subcutaneous'),(184,591,99,7,'2024-04-01',329,'g','OD',90,'Subcutaneous'),(185,81,14,4,'2024-12-24',179,'units','QDS',7,'Inhaled'),(186,12,2,25,'2025-10-07',157,'puffs','OD',28,'Intravenous'),(187,579,97,10,'2025-01-01',258,'mcg','BD',7,'Subcutaneous'),(188,457,77,39,'2024-04-21',259,'mg','BD',30,'Topical'),(189,404,68,10,'2025-07-19',173,'mg','QDS',90,'Oral'),(191,139,24,31,'2024-05-08',102,'units','QDS',90,'Inhaled'),(193,332,56,37,'2025-09-01',58,'units','QDS',28,'Topical'),(194,196,33,21,'2024-12-14',305,'mg','TDS',14,'Topical'),(195,453,76,40,'2025-07-05',226,'mg','BD',14,'Topical'),(196,160,27,6,'2025-08-08',379,'mg','BD',90,'Inhaled'),(197,295,50,1,'2024-12-15',356,'mg','TDS',30,'Subcutaneous'),(198,24,4,22,'2025-05-01',379,'puffs','BD',14,'Intravenous'),(199,536,90,17,'2024-05-19',248,'puffs','Once weekly',14,'Oral'),(200,386,65,38,'2024-01-22',270,'mg','TDS',14,'Oral'),(201,291,49,13,'2023-12-19',317,'g','OD',30,'Oral'),(202,69,12,25,'2024-01-25',139,'g','OD',7,'Topical'),(203,396,66,15,'2024-11-07',261,'mg','TDS',30,'Intravenous'),(204,545,91,6,'2025-05-25',102,'puffs','QDS',90,'Oral'),(205,41,7,16,'2024-06-07',157,'g','QDS',30,'Inhaled'),(206,19,4,23,'2024-01-01',181,'g','Once weekly',28,'Inhaled'),(207,514,86,18,'2025-09-29',321,'g','QDS',7,'Intravenous'),(208,287,48,15,'2025-06-29',175,'units','Once weekly',14,'Oral'),(209,392,66,34,'2024-01-07',314,'mcg','QDS',14,'Intravenous'),(210,157,27,28,'2025-01-16',466,'puffs','TDS',30,'Intravenous'),(211,135,23,14,'2024-02-02',71,'puffs','PRN',14,'Inhaled'),(212,317,53,34,'2025-07-16',221,'mcg','Once weekly',90,'Inhaled'),(214,31,6,21,'2024-10-04',493,'units','TDS',30,'Topical'),(215,156,26,13,'2025-08-14',68,'mcg','OD',90,'Intravenous'),(216,274,46,39,'2024-04-30',314,'mcg','PRN',14,'Inhaled'),(217,27,5,23,'2025-09-11',353,'units','BD',90,'Intravenous'),(218,481,81,24,'2025-05-27',437,'units','QDS',30,'Inhaled'),(219,168,28,13,'2025-04-14',17,'units','OD',28,'Subcutaneous'),(220,228,38,13,'2025-05-06',34,'mcg','QDS',90,'Subcutaneous'),(221,333,56,30,'2025-03-24',219,'units','OD',90,'Subcutaneous'),(222,321,54,26,'2024-03-15',481,'puffs','PRN',90,'Intravenous'),(223,40,7,34,'2025-08-12',232,'units','OD',14,'Intravenous'),(224,551,92,26,'2025-10-22',286,'units','PRN',7,'Inhaled'),(225,299,50,29,'2024-10-20',453,'g','TDS',30,'Inhaled'),(227,475,80,29,'2025-08-31',370,'puffs','OD',14,'Intravenous'),(229,465,78,38,'2023-12-03',459,'mcg','QDS',7,'Topical'),(230,332,56,11,'2025-07-28',47,'mg','Once weekly',30,'Topical'),(231,88,15,34,'2023-12-08',197,'puffs','PRN',14,'Subcutaneous'),(233,167,28,10,'2025-06-01',394,'mg','QDS',28,'Topical'),(234,457,77,19,'2024-02-29',93,'mg','BD',14,'Oral'),(235,260,44,1,'2024-08-19',255,'units','PRN',7,'Intravenous'),(236,506,85,16,'2025-04-23',302,'units','QDS',30,'Subcutaneous'),(237,82,14,39,'2024-03-27',4,'mcg','PRN',28,'Intravenous'),(239,149,25,3,'2024-01-18',296,'puffs','TDS',28,'Oral'),(240,51,9,7,'2024-10-01',92,'mcg','Once weekly',28,'Intravenous'),(241,587,98,36,'2025-06-03',495,'units','Once weekly',90,'Topical'),(242,37,7,6,'2025-01-29',166,'g','QDS',7,'Subcutaneous'),(244,540,90,27,'2024-06-12',108,'mcg','PRN',7,'Oral'),(245,586,98,34,'2025-09-03',248,'puffs','Once weekly',28,'Subcutaneous'),(247,577,97,32,'2024-06-17',374,'units','QDS',14,'Intravenous'),(249,213,36,40,'2024-10-03',212,'mg','TDS',28,'Intravenous'),(250,218,37,1,'2024-02-15',104,'g','TDS',7,'Topical'),(251,308,52,33,'2024-05-17',166,'mg','OD',28,'Topical'),(252,406,68,37,'2024-03-11',492,'mg','BD',14,'Topical'),(253,347,58,31,'2024-08-03',409,'mg','Once weekly',14,'Subcutaneous'),(254,160,27,30,'2024-05-31',459,'g','QDS',30,'Oral'),(255,534,89,20,'2024-05-02',372,'g','PRN',90,'Oral'),(256,214,36,37,'2023-12-31',170,'g','OD',14,'Topical'),(257,32,6,22,'2024-11-12',321,'puffs','BD',90,'Intravenous'),(258,399,67,12,'2024-04-01',60,'g','Once weekly',28,'Oral'),(259,279,47,27,'2025-09-04',255,'mcg','TDS',30,'Topical'),(260,222,37,34,'2025-01-26',90,'mg','TDS',7,'Inhaled'),(261,95,16,29,'2024-07-01',13,'units','PRN',14,'Inhaled'),(262,349,59,31,'2024-06-13',159,'g','BD',7,'Intravenous'),(263,136,23,14,'2025-10-25',236,'units','Once weekly',90,'Oral'),(264,5,1,20,'2025-10-17',352,'puffs','OD',28,'Subcutaneous'),(265,48,8,7,'2024-06-16',393,'g','OD',90,'Topical'),(266,215,36,21,'2025-05-10',99,'g','TDS',90,'Topical'),(267,452,76,8,'2025-02-25',77,'mcg','TDS',7,'Oral'),(269,278,47,10,'2023-12-11',412,'g','PRN',14,'Inhaled'),(270,73,13,20,'2024-03-14',457,'g','PRN',30,'Oral'),(271,134,23,2,'2024-08-06',463,'mg','OD',30,'Oral'),(272,89,15,28,'2024-10-26',92,'puffs','PRN',30,'Intravenous'),(274,477,80,37,'2025-07-20',48,'units','OD',30,'Topical'),(275,477,80,31,'2025-04-08',486,'mcg','BD',90,'Topical'),(276,373,63,26,'2025-05-28',359,'g','TDS',30,'Subcutaneous'),(277,31,6,5,'2024-08-02',58,'g','QDS',30,'Inhaled'),(278,290,49,23,'2024-03-23',295,'mcg','PRN',7,'Subcutaneous'),(279,110,19,21,'2024-05-11',333,'mg','TDS',90,'Subcutaneous'),(280,411,69,38,'2024-10-04',123,'puffs','BD',90,'Inhaled'),(281,494,83,25,'2025-09-25',175,'mcg','Once weekly',90,'Subcutaneous'),(282,446,75,37,'2024-12-16',279,'mcg','BD',7,'Intravenous'),(283,499,84,8,'2024-04-04',306,'units','TDS',90,'Oral'),(284,456,76,12,'2025-01-20',490,'units','OD',90,'Oral'),(285,389,65,21,'2024-07-13',331,'mg','OD',14,'Inhaled'),(286,595,100,1,'2025-07-04',339,'mcg','QDS',90,'Topical'),(287,400,67,40,'2024-04-19',229,'mcg','BD',28,'Topical'),(288,584,98,20,'2024-09-12',368,'g','OD',90,'Oral'),(290,55,10,1,'2023-12-12',287,'g','OD',28,'Oral'),(291,241,41,28,'2023-12-13',303,'units','Once weekly',28,'Subcutaneous'),(292,416,70,25,'2024-09-12',280,'mcg','Once weekly',14,'Subcutaneous'),(293,143,24,13,'2024-05-12',197,'g','QDS',14,'Topical'),(294,129,22,9,'2025-11-20',37,'mg','BD',30,'Subcutaneous'),(295,140,24,6,'2025-07-14',329,'units','QDS',90,'Subcutaneous'),(296,185,31,30,'2024-06-28',218,'puffs','QDS',30,'Topical'),(297,232,39,12,'2024-09-23',310,'mg','PRN',30,'Inhaled'),(298,514,86,18,'2024-10-07',475,'puffs','PRN',28,'Oral'),(299,39,7,37,'2024-07-25',361,'g','OD',90,'Subcutaneous'),(300,82,14,10,'2024-06-10',440,'g','QDS',90,'Oral'),(301,536,90,40,'2025-09-02',126,'units','Once weekly',7,'Intravenous'),(302,594,99,20,'2024-03-14',28,'g','PRN',7,'Subcutaneous'),(303,465,78,33,'2024-08-08',294,'g','QDS',28,'Topical'),(304,297,50,11,'2025-10-26',356,'puffs','Once weekly',28,'Intravenous'),(306,299,50,40,'2025-11-04',147,'units','OD',14,'Intravenous'),(307,79,14,18,'2025-03-18',68,'puffs','TDS',28,'Topical'),(308,15,3,8,'2024-03-23',90,'puffs','Once weekly',14,'Subcutaneous'),(309,379,64,12,'2025-03-09',401,'mcg','QDS',14,'Intravenous'),(310,34,6,22,'2025-09-06',496,'mcg','PRN',14,'Subcutaneous'),(311,423,71,25,'2025-04-02',339,'units','Once weekly',14,'Inhaled'),(312,592,99,23,'2025-10-07',329,'g','OD',7,'Inhaled'),(313,476,80,26,'2024-08-01',155,'units','Once weekly',90,'Inhaled'),(314,389,65,25,'2024-08-03',135,'mcg','PRN',30,'Oral'),(315,296,50,29,'2024-11-05',348,'g','PRN',7,'Oral'),(316,545,91,23,'2024-09-15',313,'g','TDS',28,'Topical'),(317,101,17,17,'2024-01-31',300,'units','QDS',14,'Intravenous'),(318,200,34,34,'2024-12-21',347,'mcg','TDS',90,'Oral'),(319,9,2,5,'2025-11-19',211,'mg','PRN',7,'Subcutaneous'),(320,360,60,15,'2025-02-14',129,'mcg','OD',7,'Intravenous'),(321,95,16,4,'2024-04-02',337,'mcg','PRN',7,'Oral'),(322,89,15,39,'2025-07-21',193,'puffs','BD',7,'Inhaled'),(323,260,44,19,'2024-08-10',339,'mg','Once weekly',30,'Topical'),(325,398,67,22,'2025-10-01',133,'g','BD',30,'Oral'),(326,504,84,13,'2024-03-17',202,'mcg','Once weekly',30,'Oral'),(327,148,25,35,'2024-09-16',112,'puffs','Once weekly',7,'Subcutaneous'),(329,20,4,32,'2025-07-02',335,'mg','OD',30,'Topical'),(330,156,26,22,'2024-10-27',295,'mg','PRN',30,'Subcutaneous'),(331,447,75,26,'2025-09-21',277,'mcg','OD',30,'Subcutaneous'),(332,125,21,37,'2024-06-01',479,'g','TDS',28,'Subcutaneous'),(333,57,10,6,'2024-11-22',274,'g','OD',30,'Topical'),(334,208,35,12,'2024-05-13',21,'units','Once weekly',14,'Topical'),(335,400,67,7,'2024-02-25',353,'g','QDS',7,'Subcutaneous'),(336,195,33,9,'2025-10-26',99,'mg','Once weekly',90,'Inhaled'),(337,501,84,25,'2025-09-28',406,'puffs','Once weekly',28,'Subcutaneous'),(338,547,92,29,'2025-11-15',19,'g','OD',28,'Oral'),(339,416,70,8,'2025-04-29',414,'puffs','QDS',90,'Inhaled'),(340,594,99,15,'2025-09-19',19,'mcg','QDS',7,'Subcutaneous'),(341,47,8,16,'2023-12-14',333,'mcg','OD',14,'Oral'),(342,315,53,7,'2024-08-21',313,'mcg','PRN',7,'Oral'),(343,117,20,32,'2024-04-01',410,'puffs','BD',7,'Inhaled'),(345,141,24,21,'2025-04-27',392,'mg','PRN',14,'Topical'),(346,65,11,8,'2025-02-24',73,'units','BD',28,'Intravenous'),(347,169,29,29,'2025-03-27',474,'puffs','OD',14,'Oral'),(348,386,65,11,'2025-11-15',451,'units','OD',7,'Oral'),(349,184,31,6,'2023-12-09',334,'puffs','TDS',30,'Subcutaneous'),(350,130,22,14,'2025-07-08',328,'g','PRN',30,'Subcutaneous'),(351,245,41,12,'2024-03-16',355,'mg','PRN',14,'Subcutaneous'),(352,91,16,20,'2024-12-10',215,'mg','PRN',14,'Inhaled'),(353,121,21,34,'2025-08-26',317,'g','PRN',90,'Inhaled'),(354,476,80,14,'2025-02-21',28,'mcg','OD',14,'Subcutaneous'),(355,510,85,12,'2025-06-21',344,'mg','OD',28,'Topical'),(356,215,36,28,'2025-03-19',172,'puffs','QDS',7,'Oral'),(357,54,9,35,'2025-06-04',81,'mg','QDS',90,'Oral'),(358,73,13,16,'2024-09-02',304,'puffs','TDS',30,'Inhaled'),(359,334,56,15,'2025-08-11',167,'mcg','OD',14,'Subcutaneous'),(360,205,35,25,'2025-04-20',38,'units','PRN',30,'Oral'),(361,447,75,10,'2025-04-24',476,'puffs','QDS',14,'Subcutaneous'),(362,383,64,9,'2024-08-20',369,'mcg','Once weekly',28,'Topical'),(363,208,35,22,'2025-07-24',17,'puffs','OD',28,'Inhaled'),(364,114,19,30,'2024-08-19',215,'mcg','TDS',14,'Topical'),(365,161,27,40,'2025-06-10',296,'puffs','BD',7,'Subcutaneous'),(366,535,90,32,'2025-04-24',303,'units','QDS',28,'Oral'),(367,439,74,16,'2025-03-23',168,'units','PRN',14,'Intravenous'),(368,153,26,37,'2025-11-26',214,'mg','OD',30,'Intravenous'),(369,35,6,28,'2024-06-06',202,'units','Once weekly',7,'Subcutaneous'),(370,508,85,16,'2025-09-07',286,'mg','Once weekly',30,'Inhaled'),(371,136,23,23,'2025-02-02',123,'mg','OD',30,'Topical'),(372,166,28,30,'2024-04-26',383,'puffs','OD',30,'Subcutaneous'),(373,142,24,26,'2025-05-26',405,'g','Once weekly',30,'Oral'),(374,73,13,25,'2023-12-25',171,'puffs','OD',28,'Subcutaneous'),(375,277,47,40,'2024-05-25',295,'mcg','Once weekly',7,'Intravenous'),(376,344,58,4,'2024-06-22',485,'g','OD',7,'Subcutaneous'),(377,375,63,30,'2024-03-08',21,'g','TDS',14,'Intravenous'),(378,69,12,36,'2023-12-06',397,'mcg','BD',28,'Inhaled'),(379,553,93,8,'2024-02-06',245,'puffs','Once weekly',14,'Inhaled'),(381,382,64,23,'2024-08-25',249,'puffs','PRN',7,'Subcutaneous'),(382,545,91,35,'2025-02-05',232,'puffs','TDS',7,'Inhaled'),(383,469,79,6,'2025-09-10',201,'mcg','TDS',7,'Oral'),(384,169,29,18,'2025-08-09',357,'mcg','QDS',14,'Inhaled'),(385,534,89,2,'2025-02-04',214,'puffs','BD',30,'Topical'),(386,431,72,29,'2024-02-10',11,'g','BD',7,'Oral'),(388,498,83,38,'2024-01-20',357,'puffs','PRN',30,'Subcutaneous'),(389,312,52,37,'2025-07-19',460,'g','BD',28,'Inhaled'),(390,496,83,24,'2025-02-09',395,'mg','BD',28,'Topical'),(391,467,78,11,'2024-03-08',474,'mcg','Once weekly',90,'Topical'),(392,187,32,12,'2023-12-07',355,'mcg','BD',14,'Oral'),(393,43,8,21,'2024-04-22',65,'units','TDS',28,'Inhaled'),(394,211,36,36,'2023-12-08',18,'g','TDS',14,'Topical'),(395,460,77,35,'2025-06-18',274,'g','OD',7,'Subcutaneous'),(396,512,86,10,'2024-08-19',476,'g','BD',7,'Intravenous'),(397,520,87,22,'2024-02-08',362,'g','QDS',28,'Intravenous'),(398,151,26,37,'2024-09-05',174,'mg','Once weekly',30,'Oral'),(399,143,24,36,'2025-08-04',158,'mg','QDS',90,'Inhaled'),(400,457,77,23,'2025-08-29',168,'mg','PRN',14,'Intravenous'),(401,540,90,15,'2025-02-20',101,'mg','OD',90,'Subcutaneous'),(402,90,15,33,'2024-10-24',100,'units','TDS',90,'Intravenous'),(404,396,66,24,'2025-11-19',146,'g','TDS',28,'Subcutaneous'),(406,296,50,11,'2024-09-23',374,'units','BD',90,'Intravenous'),(407,89,15,10,'2025-05-03',156,'units','PRN',28,'Oral'),(408,385,65,6,'2025-11-25',210,'g','QDS',14,'Intravenous'),(409,474,79,37,'2025-07-14',103,'mcg','QDS',28,'Intravenous'),(410,503,84,3,'2025-01-26',428,'puffs','TDS',30,'Intravenous'),(411,475,80,15,'2025-11-04',406,'mg','BD',28,'Topical'),(412,484,81,8,'2024-02-01',341,'g','QDS',14,'Subcutaneous'),(413,251,42,2,'2025-08-01',392,'g','QDS',7,'Intravenous'),(414,371,62,38,'2024-07-27',290,'units','TDS',30,'Oral'),(415,383,64,33,'2024-04-21',9,'g','BD',90,'Oral'),(416,150,25,21,'2024-08-16',450,'mcg','TDS',14,'Oral'),(417,280,47,24,'2024-09-28',326,'g','OD',28,'Topical'),(418,543,91,5,'2024-06-23',100,'mcg','OD',90,'Inhaled'),(419,557,93,21,'2025-01-12',424,'g','TDS',28,'Oral'),(420,548,92,38,'2024-12-06',422,'mcg','OD',14,'Intravenous'),(421,289,49,24,'2024-07-23',211,'g','BD',7,'Inhaled'),(422,159,27,33,'2025-04-19',426,'mcg','PRN',90,'Intravenous'),(423,545,91,36,'2023-12-13',388,'mg','QDS',30,'Oral'),(424,120,20,9,'2025-11-14',246,'g','TDS',28,'Inhaled'),(425,453,76,39,'2024-06-14',391,'g','BD',28,'Oral'),(426,122,21,15,'2025-07-23',439,'mcg','Once weekly',14,'Topical'),(427,129,22,14,'2025-07-21',41,'units','Once weekly',7,'Oral'),(428,20,4,31,'2024-09-16',22,'mcg','OD',7,'Intravenous'),(429,61,11,31,'2025-08-02',466,'g','OD',7,'Topical'),(430,11,2,7,'2025-07-28',472,'puffs','BD',90,'Inhaled'),(431,190,32,23,'2025-11-02',47,'mcg','Once weekly',28,'Intravenous'),(432,357,60,23,'2025-06-20',438,'puffs','Once weekly',90,'Inhaled'),(433,518,87,37,'2025-09-23',51,'puffs','OD',90,'Inhaled'),(434,197,33,19,'2025-06-09',462,'puffs','OD',7,'Inhaled'),(435,517,87,31,'2024-11-21',358,'puffs','BD',30,'Oral'),(436,186,31,23,'2024-11-08',218,'mcg','PRN',14,'Subcutaneous'),(437,116,20,21,'2025-07-28',239,'mg','PRN',14,'Subcutaneous'),(438,370,62,19,'2024-05-10',370,'mg','OD',28,'Subcutaneous'),(439,119,20,25,'2025-02-14',234,'puffs','Once weekly',28,'Subcutaneous'),(440,232,39,36,'2024-10-10',149,'units','BD',7,'Subcutaneous'),(441,377,63,12,'2025-11-18',346,'units','Once weekly',7,'Subcutaneous'),(442,449,75,34,'2024-01-27',347,'mg','OD',14,'Subcutaneous'),(443,411,69,38,'2025-08-19',380,'mcg','OD',28,'Inhaled'),(444,347,58,13,'2024-04-01',433,'units','OD',14,'Subcutaneous'),(445,512,86,18,'2023-12-02',393,'puffs','PRN',28,'Subcutaneous'),(447,151,26,30,'2025-08-13',63,'g','QDS',30,'Inhaled'),(448,138,23,2,'2025-08-22',378,'mg','OD',30,'Oral'),(449,184,31,25,'2024-03-22',348,'g','BD',28,'Intravenous'),(450,99,17,5,'2024-01-25',385,'puffs','QDS',30,'Inhaled'),(451,301,51,32,'2024-07-17',259,'g','PRN',28,'Intravenous'),(453,386,65,29,'2024-08-18',19,'mg','BD',90,'Topical'),(454,169,29,32,'2024-09-16',69,'g','Once weekly',30,'Subcutaneous'),(455,113,19,37,'2024-01-10',252,'puffs','Once weekly',90,'Intravenous'),(456,482,81,31,'2024-05-05',438,'mcg','PRN',7,'Subcutaneous'),(459,598,100,2,'2024-03-01',175,'units','OD',30,'Topical'),(461,87,15,5,'2025-01-23',59,'g','BD',7,'Intravenous'),(462,334,56,3,'2024-08-17',337,'units','PRN',90,'Subcutaneous'),(463,274,46,2,'2023-12-20',241,'puffs','OD',28,'Subcutaneous'),(464,585,98,25,'2025-01-05',294,'mg','QDS',7,'Inhaled'),(465,345,58,32,'2024-07-05',416,'g','BD',90,'Topical'),(466,373,63,28,'2025-05-09',255,'mg','PRN',14,'Topical'),(467,272,46,4,'2025-01-31',294,'units','BD',90,'Oral'),(468,593,99,7,'2024-04-04',173,'g','OD',90,'Intravenous'),(469,487,82,28,'2025-05-01',178,'mg','Once weekly',28,'Intravenous'),(470,308,52,28,'2024-01-22',277,'g','BD',30,'Subcutaneous'),(471,258,43,40,'2024-06-22',233,'puffs','BD',7,'Intravenous'),(472,192,32,37,'2024-07-08',110,'units','TDS',90,'Intravenous'),(473,445,75,37,'2024-02-29',31,'puffs','BD',28,'Subcutaneous'),(474,152,26,16,'2025-06-30',383,'g','QDS',30,'Topical'),(475,66,11,14,'2024-10-05',137,'g','Once weekly',14,'Topical'),(476,242,41,26,'2025-04-01',59,'mcg','BD',7,'Inhaled'),(477,318,53,30,'2024-07-22',287,'units','QDS',7,'Inhaled'),(478,164,28,18,'2025-07-15',15,'g','TDS',90,'Inhaled'),(479,44,8,32,'2025-11-11',29,'mg','TDS',90,'Topical'),(480,66,11,27,'2024-11-24',344,'mg','QDS',14,'Inhaled'),(481,115,20,37,'2024-07-07',478,'mg','PRN',90,'Intravenous'),(482,258,43,32,'2025-08-31',122,'puffs','OD',28,'Topical'),(483,599,100,25,'2025-04-04',479,'units','BD',14,'Oral'),(484,180,30,14,'2025-02-23',226,'units','TDS',90,'Oral'),(485,503,84,35,'2024-11-13',359,'mg','TDS',90,'Subcutaneous'),(486,487,82,16,'2025-02-20',451,'mcg','TDS',30,'Topical'),(487,316,53,2,'2024-02-10',496,'puffs','OD',7,'Inhaled'),(488,260,44,36,'2024-11-03',159,'g','Once weekly',7,'Intravenous'),(489,243,41,29,'2024-10-30',5,'units','TDS',28,'Oral'),(490,242,41,20,'2025-04-30',441,'mcg','QDS',28,'Subcutaneous'),(491,35,6,18,'2025-09-10',422,'units','QDS',30,'Topical'),(493,431,72,39,'2024-05-20',378,'g','QDS',7,'Oral'),(494,189,32,29,'2024-02-14',70,'mg','QDS',14,'Topical'),(495,322,54,37,'2025-09-08',57,'mcg','BD',90,'Inhaled'),(496,421,71,21,'2024-08-26',245,'mcg','TDS',14,'Intravenous'),(497,336,56,19,'2025-05-12',44,'units','TDS',14,'Subcutaneous'),(498,387,65,37,'2025-04-16',11,'mg','PRN',90,'Inhaled'),(499,92,16,30,'2025-05-12',135,'mcg','OD',30,'Intravenous'),(500,440,74,39,'2025-03-10',77,'mg','TDS',14,'Intravenous');
/*!40000 ALTER TABLE `Prescription` ENABLE KEYS */;
UNLOCK TABLES;
SET @@SESSION.SQL_LOG_BIN = @MYSQLDUMP_TEMP_LOG_BIN;
/*!40103 SET TIME_ZONE=@OLD_TIME_ZONE */;

/*!40101 SET SQL_MODE=@OLD_SQL_MODE */;
/*!40014 SET FOREIGN_KEY_CHECKS=@OLD_FOREIGN_KEY_CHECKS */;
/*!40014 SET UNIQUE_CHECKS=@OLD_UNIQUE_CHECKS */;
/*!40101 SET CHARACTER_SET_CLIENT=@OLD_CHARACTER_SET_CLIENT */;
/*!40101 SET CHARACTER_SET_RESULTS=@OLD_CHARACTER_SET_RESULTS */;
/*!40101 SET COLLATION_CONNECTION=@OLD_COLLATION_CONNECTION */;
/*!40111 SET SQL_NOTES=@OLD_SQL_NOTES */;

-- Dump completed on 2025-12-08  8:35:37
